Time[ms],Vup[V],Vdwn[V],Vdiode[V],Vled[V],Vscat[V],OD[],Temp[C],Color[],LoopCount[],Vfb_x[V],Vfb_y[V],Vfb_z[V]
145153,2.11637,2.11637,2.11637,1.36200,0.00000,0.87952,26.6754,1,2,0.29,0.00,0.00
145296,2.11637,2.11637,2.11637,1.36213,0.00000,0.87952,26.6754,1,2,0.29,0.00,0.00
145439,2.11637,2.11637,2.11637,1.36213,0.00000,0.87952,26.6743,1,2,0.29,0.00,0.00
145574,2.11637,2.11637,2.11637,1.36213,0.00000,0.87952,26.6743,1,2,0.29,0.00,0.00
145717,2.11637,2.11637,2.11637,1.36213,0.00000,0.87952,26.6754,1,2,0.29,0.00,0.00
145865,2.11650,2.11650,2.11650,1.36213,0.00000,0.87955,26.6754,1,2,0.29,0.00,0.00
146001,2.11650,2.11650,2.11650,1.36213,0.00000,0.87955,26.6754,1,2,0.29,0.00,0.00
146141,2.11650,2.11650,2.11650,1.36200,0.00000,0.87955,26.6754,1,2,0.29,0.00,0.00
146286,2.11650,2.11650,2.11650,1.36213,0.00000,0.87955,26.6754,1,2,0.29,0.00,0.00
146423,2.11662,2.11662,2.11662,1.36213,0.00000,0.87957,26.6754,1,2,0.29,0.00,0.00
146563,2.11650,2.11650,2.11650,1.36200,0.00000,0.87955,26.6754,1,2,0.29,0.00,0.00
146713,2.11650,2.11650,2.11650,1.36213,0.00000,0.87955,26.6754,1,2,0.29,0.00,0.00
146851,2.11650,2.11650,2.11650,1.36213,0.00000,0.87955,26.6754,1,2,0.29,0.00,0.00
146994,2.11662,2.11662,2.11662,1.36213,0.00000,0.87957,26.6754,1,2,0.29,0.00,0.00
147129,2.11662,2.11662,2.11662,1.36225,0.00000,0.87957,26.6754,1,2,0.29,0.00,0.00
147272,2.11662,2.11662,2.11662,1.36213,0.00000,0.87957,26.6754,1,2,0.29,0.00,0.00
147415,2.11662,2.11662,2.11662,1.36213,0.00000,0.87957,26.6754,1,2,0.29,0.00,0.00
147550,2.11662,2.11662,2.11662,1.36225,0.00000,0.87957,26.6754,1,2,0.29,0.00,0.00
147702,2.11675,2.11675,2.11675,1.36213,0.00000,0.87960,26.6754,1,2,0.29,0.00,0.00
147841,2.11675,2.11675,2.11675,1.36213,0.00000,0.87960,26.6754,1,2,0.29,0.00,0.00
147978,2.11675,2.11675,2.11675,1.36213,0.00000,0.87960,26.6754,1,2,0.29,0.00,0.00
148118,2.11675,2.11675,2.11675,1.36213,0.00000,0.87960,26.6754,1,2,0.29,0.00,0.00
148263,2.11675,2.11675,2.11675,1.36213,0.00000,0.87960,26.6765,1,2,0.29,0.00,0.00
148400,2.11675,2.11675,2.11675,1.36213,0.00000,0.87960,26.6754,1,2,0.29,0.00,0.00
148549,2.11687,2.11687,2.11687,1.36213,0.00000,0.87962,26.6765,1,2,0.29,0.00,0.00
148690,2.11687,2.11687,2.11687,1.36213,0.00000,0.87962,26.6765,1,2,0.29,0.00,0.00
148828,2.11687,2.11687,2.11687,1.36213,0.00000,0.87962,26.6754,1,2,0.29,0.00,0.00
148971,2.11687,2.11687,2.11687,1.36225,0.00000,0.87962,26.6765,1,2,0.29,0.00,0.00
149110,2.11700,2.11700,2.11700,1.36213,0.00000,0.87965,26.6765,1,2,0.29,0.00,0.00
149253,2.11687,2.11687,2.11687,1.36213,0.00000,0.87962,26.6765,1,2,0.29,0.00,0.00
149401,2.11687,2.11687,2.11687,1.36213,0.00000,0.87962,26.6765,1,2,0.29,0.00,0.00
149538,2.11700,2.11700,2.11700,1.36213,0.00000,0.87965,26.6765,1,2,0.29,0.00,0.00
149681,2.11700,2.11700,2.11700,1.36213,0.00000,0.87965,26.6765,1,2,0.29,0.00,0.00
149956,2.11700,2.11700,2.11700,1.36213,0.00000,0.87965,26.6777,1,2,0.29,0.00,0.00
150093,2.11712,2.11712,2.11712,1.36213,0.00000,0.87968,26.6765,1,2,0.29,0.00,0.00
150235,2.11712,2.11712,2.11712,1.36213,0.00000,0.87968,26.6777,1,2,0.29,0.00,0.00
150385,2.11700,2.11700,2.11700,1.36213,0.00000,0.87965,26.6765,1,2,0.29,0.00,0.00
150520,2.11712,2.11712,2.11712,1.36213,0.00000,0.87968,26.6777,1,2,0.29,0.00,0.00
150658,2.11712,2.11712,2.11712,1.36213,0.00000,0.87968,26.6765,1,2,0.29,0.00,0.00
150807,2.11712,2.11712,2.11712,1.36213,0.00000,0.87968,26.6777,1,2,0.29,0.00,0.00
150942,2.11712,2.11712,2.11712,1.36200,0.00000,0.87968,26.6777,1,2,0.29,0.00,0.00
151080,2.11712,2.11712,2.11712,1.36200,0.00000,0.87968,26.6777,1,2,0.29,0.00,0.00
151234,2.11725,2.11725,2.11725,1.36213,0.00000,0.87970,26.6777,1,2,0.29,0.00,0.00
151371,2.11725,2.11725,2.11725,1.36213,0.00000,0.87970,26.6777,1,2,0.29,0.00,0.00
151521,2.11375,2.11375,2.11375,1.36213,0.00000,0.87898,26.6788,1,3,0.00,0.17,0.00
151661,2.08687,2.08687,2.08687,1.36213,0.00000,0.87343,26.6777,1,3,0.00,0.17,0.00
151803,2.08088,2.08088,2.08088,1.36213,0.00000,0.87218,26.6777,1,3,0.00,0.17,0.00
151944,2.07850,2.07850,2.07850,1.36213,0.00000,0.87168,26.6788,1,3,0.00,0.17,0.00
152083,2.07725,2.07725,2.07725,1.36213,0.00000,0.87142,26.6788,1,3,0.00,0.17,0.00
152223,2.07662,2.07662,2.07662,1.36213,0.00000,0.87129,26.6777,1,3,0.00,0.17,0.00
152364,2.07613,2.07613,2.07613,1.36213,0.00000,0.87118,26.6777,1,3,0.00,0.17,0.00
152504,2.07587,2.07587,2.07587,1.36213,0.00000,0.87113,26.6777,1,3,0.00,0.17,0.00
152641,2.07575,2.07575,2.07575,1.36213,0.00000,0.87110,26.6788,1,3,0.00,0.17,0.00
152787,2.07562,2.07562,2.07562,1.36200,0.00000,0.87108,26.6788,1,3,0.00,0.17,0.00
152927,2.07550,2.07550,2.07550,1.36213,0.00000,0.87105,26.6800,1,3,0.00,0.17,0.00
153070,2.07550,2.07550,2.07550,1.36213,0.00000,0.87105,26.6777,1,3,0.00,0.17,0.00
153219,2.07538,2.07538,2.07538,1.36213,0.00000,0.87103,26.6777,1,3,0.00,0.17,0.00
153355,2.07538,2.07538,2.07538,1.36213,0.00000,0.87103,26.6788,1,3,0.00,0.17,0.00
153493,2.07538,2.07538,2.07538,1.36225,0.00000,0.87103,26.6788,1,3,0.00,0.17,0.00
153637,2.07538,2.07538,2.07538,1.36225,0.00000,0.87103,26.6777,1,3,0.00,0.17,0.00
153778,2.07538,2.07538,2.07538,1.36213,0.00000,0.87103,26.6788,1,3,0.00,0.17,0.00
153925,2.07525,2.07525,2.07525,1.36213,0.00000,0.87100,26.6800,1,3,0.00,0.17,0.00
154065,2.07512,2.07512,2.07512,1.36213,0.00000,0.87097,26.6788,1,3,0.00,0.17,0.00
154207,2.07538,2.07538,2.07538,1.36213,0.00000,0.87103,26.6800,1,3,0.00,0.17,0.00
154348,2.07550,2.07550,2.07550,1.36213,0.00000,0.87105,26.6788,1,3,0.00,0.17,0.00
154488,2.07538,2.07538,2.07538,1.36213,0.00000,0.87103,26.6800,1,3,0.00,0.17,0.00
154625,2.07525,2.07525,2.07525,1.36213,0.00000,0.87100,26.6788,1,3,0.00,0.17,0.00
154780,2.07538,2.07538,2.07538,1.36213,0.00000,0.87103,26.6788,1,3,0.00,0.17,0.00
154916,2.07538,2.07538,2.07538,1.36213,0.00000,0.87103,26.6811,1,3,0.00,0.17,0.00
155054,2.07538,2.07538,2.07538,1.36213,0.00000,0.87103,26.6811,1,3,0.00,0.17,0.00
155203,2.07525,2.07525,2.07525,1.36213,0.00000,0.87100,26.6800,1,3,0.00,0.17,0.00
155339,2.07538,2.07538,2.07538,1.36213,0.00000,0.87103,26.6800,1,3,0.00,0.17,0.00
155477,2.07525,2.07525,2.07525,1.36213,0.00000,0.87100,26.6800,1,3,0.00,0.17,0.00
155626,2.07525,2.07525,2.07525,1.36213,0.00000,0.87100,26.6800,1,3,0.00,0.17,0.00
155768,2.07525,2.07525,2.07525,1.36213,0.00000,0.87100,26.6811,1,3,0.00,0.17,0.00
155909,2.07538,2.07538,2.07538,1.36213,0.00000,0.87103,26.6811,1,3,0.00,0.17,0.00
156049,2.07525,2.07525,2.07525,1.36213,0.00000,0.87100,26.6800,1,3,0.00,0.17,0.00
156191,2.07525,2.07525,2.07525,1.36213,0.00000,0.87100,26.6811,1,3,0.00,0.17,0.00
156332,2.07525,2.07525,2.07525,1.36213,0.00000,0.87100,26.6800,1,3,0.00,0.17,0.00
156476,2.07525,2.07525,2.07525,1.36225,0.00000,0.87100,26.6811,1,3,0.00,0.17,0.00
156614,2.07525,2.07525,2.07525,1.36213,0.00000,0.87100,26.6811,1,3,0.00,0.17,0.00
156763,2.07525,2.07525,2.07525,1.36225,0.00000,0.87100,26.6811,1,3,0.00,0.17,0.00
156899,2.07525,2.07525,2.07525,1.36213,0.00000,0.87100,26.6800,1,3,0.00,0.17,0.00
157037,2.07525,2.07525,2.07525,1.36213,0.00000,0.87100,26.6811,1,3,0.00,0.17,0.00
157181,2.07525,2.07525,2.07525,1.36213,0.00000,0.87100,26.6800,1,3,0.00,0.17,0.00
157322,2.07525,2.07525,2.07525,1.36225,0.00000,0.87100,26.6800,1,3,0.00,0.17,0.00
157469,2.07525,2.07525,2.07525,1.36213,0.00000,0.87100,26.6811,1,3,0.00,0.17,0.00
157609,2.07512,2.07512,2.07512,1.36225,0.00000,0.87097,26.6822,1,3,0.00,0.17,0.00
157751,2.07525,2.07525,2.07525,1.36225,0.00000,0.87100,26.6811,1,3,0.00,0.17,0.00
157892,2.07512,2.07512,2.07512,1.36213,0.00000,0.87097,26.6811,1,3,0.00,0.17,0.00
158032,2.07525,2.07525,2.07525,1.36213,0.00000,0.87100,26.6822,1,3,0.00,0.17,0.00
158169,2.07512,2.07512,2.07512,1.36213,0.00000,0.87097,26.6800,1,3,0.00,0.17,0.00
158324,2.07512,2.07512,2.07512,1.36213,0.00000,0.87097,26.6822,1,3,0.00,0.17,0.00
158460,2.07525,2.07525,2.07525,1.36213,0.00000,0.87100,26.6822,1,3,0.00,0.17,0.00
158598,2.07525,2.07525,2.07525,1.36213,0.00000,0.87100,26.6822,1,3,0.00,0.17,0.00
158747,2.07525,2.07525,2.07525,1.36213,0.00000,0.87100,26.6811,1,3,0.00,0.17,0.00
158883,2.07525,2.07525,2.07525,1.36213,0.00000,0.87100,26.6811,1,3,0.00,0.17,0.00
159021,2.07525,2.07525,2.07525,1.36213,0.00000,0.87100,26.6811,1,3,0.00,0.17,0.00
159170,2.07525,2.07525,2.07525,1.36213,0.00000,0.87100,26.6822,1,3,0.00,0.17,0.00
159312,2.07525,2.07525,2.07525,1.36200,0.00000,0.87100,26.6822,1,3,0.00,0.17,0.00
159453,2.07525,2.07525,2.07525,1.36213,0.00000,0.87100,26.6811,1,3,0.00,0.17,0.00
159593,2.07525,2.07525,2.07525,1.36213,0.00000,0.87100,26.6822,1,3,0.00,0.17,0.00
159735,2.07512,2.07512,2.07512,1.36225,0.00000,0.87097,26.6834,1,3,0.00,0.17,0.00
159876,2.07525,2.07525,2.07525,1.36213,0.00000,0.87100,26.6834,1,3,0.00,0.17,0.00
160020,2.07525,2.07525,2.07525,1.36213,0.00000,0.87100,26.6822,1,3,0.00,0.17,0.00
160287,2.07525,2.07525,2.07525,1.36213,0.00000,0.87100,26.6834,1,3,0.00,0.17,0.00
160426,2.07525,2.07525,2.07525,1.36225,0.00000,0.87100,26.6834,1,3,0.00,0.17,0.00
160563,2.07525,2.07525,2.07525,1.36213,0.00000,0.87100,26.6822,1,3,0.00,0.17,0.00
160710,2.07525,2.07525,2.07525,1.36213,0.00000,0.87100,26.6834,1,3,0.00,0.17,0.00
160850,2.07525,2.07525,2.07525,1.36213,0.00000,0.87100,26.6822,1,3,0.00,0.17,0.00
160992,2.07525,2.07525,2.07525,1.36200,0.00000,0.87100,26.6834,1,3,0.00,0.17,0.00
161136,2.07512,2.07512,2.07512,1.36213,0.00000,0.87097,26.6822,1,3,0.00,0.17,0.00
161277,2.07512,2.07512,2.07512,1.36213,0.00000,0.87097,26.6834,1,3,0.00,0.17,0.00
161415,2.07525,2.07525,2.07525,1.36213,0.00000,0.87100,26.6834,1,3,0.00,0.17,0.00
161559,2.07525,2.07525,2.07525,1.36200,0.00000,0.87100,26.6834,1,3,0.00,0.17,0.00
161700,2.07525,2.07525,2.07525,1.36213,0.00000,0.87100,26.6822,1,3,0.00,0.17,0.00
161847,2.07525,2.07525,2.07525,1.36213,0.00000,0.87100,26.6822,1,3,0.00,0.17,0.00
161987,2.07525,2.07525,2.07525,1.36213,0.00000,0.87100,26.6834,1,3,0.00,0.17,0.00
162124,2.07525,2.07525,2.07525,1.36225,0.00000,0.87100,26.6834,1,3,0.00,0.17,0.00
162270,2.07525,2.07525,2.07525,1.36213,0.00000,0.87100,26.6822,1,3,0.00,0.17,0.00
162410,2.07525,2.07525,2.07525,1.36213,0.00000,0.87100,26.6834,1,3,0.00,0.17,0.00
162547,2.07525,2.07525,2.07525,1.36213,0.00000,0.87100,26.6822,1,3,0.00,0.17,0.00
162693,2.07525,2.07525,2.07525,1.36213,0.00000,0.87100,26.6822,1,3,0.00,0.17,0.00
162837,2.07525,2.07525,2.07525,1.36213,0.00000,0.87100,26.6834,1,3,0.00,0.17,0.00
162975,2.07512,2.07512,2.07512,1.36213,0.00000,0.87097,26.6834,1,3,0.00,0.17,0.00
163119,2.07512,2.07512,2.07512,1.36213,0.00000,0.87097,26.6834,1,3,0.00,0.17,0.00
163260,2.07512,2.07512,2.07512,1.36213,0.00000,0.87097,26.6834,1,3,0.00,0.17,0.00
163398,2.07512,2.07512,2.07512,1.36213,0.00000,0.87097,26.6822,1,3,0.00,0.17,0.00
163542,2.07512,2.07512,2.07512,1.36213,0.00000,0.87097,26.6822,1,3,0.00,0.17,0.00
163689,2.07512,2.07512,2.07512,1.36213,0.00000,0.87097,26.6845,1,3,0.00,0.17,0.00
163830,2.07525,2.07525,2.07525,1.36213,0.00000,0.87100,26.6845,1,3,0.00,0.17,0.00
163970,2.07525,2.07525,2.07525,1.36213,0.00000,0.87100,26.6834,1,3,0.00,0.17,0.00
164110,2.07525,2.07525,2.07525,1.36213,0.00000,0.87100,26.6834,1,3,0.00,0.17,0.00
164256,2.07525,2.07525,2.07525,1.36213,0.00000,0.87100,26.6834,1,3,0.00,0.17,0.00
164396,2.07525,2.07525,2.07525,1.36187,0.00000,0.87100,26.6834,1,3,0.00,0.17,0.00
164538,2.07525,2.07525,2.07525,1.36213,0.00000,0.87100,26.6834,1,3,0.00,0.17,0.00
164681,2.07525,2.07525,2.07525,1.36200,0.00000,0.87100,26.6845,1,3,0.00,0.17,0.00
164824,2.07525,2.07525,2.07525,1.36213,0.00000,0.87100,26.6845,1,3,0.00,0.17,0.00
164967,2.07525,2.07525,2.07525,1.36200,0.00000,0.87100,26.6834,1,3,0.00,0.17,0.00
165110,2.07525,2.07525,2.07525,1.36213,0.00000,0.87100,26.6845,1,3,0.00,0.17,0.00
165464,2.07525,2.07525,2.07525,1.36225,0.00000,0.87100,26.6834,1,3,0.00,0.17,0.00
165613,2.07525,2.07525,2.07525,1.36213,0.00000,0.87100,26.6834,1,3,0.00,0.17,0.00
165754,2.07525,2.07525,2.07525,1.36213,0.00000,0.87100,26.6834,1,3,0.00,0.17,0.00
165892,2.07525,2.07525,2.07525,1.36213,0.00000,0.87100,26.6834,1,3,0.00,0.17,0.00
166035,2.07525,2.07525,2.07525,1.36213,0.00000,0.87100,26.6845,1,3,0.00,0.17,0.00
166170,2.07525,2.07525,2.07525,1.36213,0.00000,0.87100,26.6845,1,3,0.00,0.17,0.00
166313,2.07525,2.07525,2.07525,1.36213,0.00000,0.87100,26.6834,1,3,0.00,0.17,0.00
166461,2.07525,2.07525,2.07525,1.36213,0.00000,0.87100,26.6845,1,3,0.00,0.17,0.00
166598,2.07525,2.07525,2.07525,1.36213,0.00000,0.87100,26.6845,1,3,0.00,0.17,0.00
166744,2.07525,2.07525,2.07525,1.36213,0.00000,0.87100,26.6845,1,3,0.00,0.17,0.00
166883,2.07525,2.07525,2.07525,1.36213,0.00000,0.87100,26.6856,1,3,0.00,0.17,0.00
167020,2.07538,2.07538,2.07538,1.36200,0.00000,0.87103,26.6856,1,3,0.00,0.17,0.00
167160,2.07525,2.07525,2.07525,1.36225,0.00000,0.87100,26.6845,1,3,0.00,0.17,0.00
167309,2.07525,2.07525,2.07525,1.36200,0.00000,0.87100,26.6845,1,3,0.00,0.17,0.00
167447,2.07525,2.07525,2.07525,1.36200,0.00000,0.87100,26.6856,1,3,0.00,0.17,0.00
167590,2.07525,2.07525,2.07525,1.36213,0.00000,0.87100,26.6856,1,3,0.00,0.17,0.00
167731,2.07525,2.07525,2.07525,1.36200,0.00000,0.87100,26.6845,1,3,0.00,0.17,0.00
167869,2.07525,2.07525,2.07525,1.36213,0.00000,0.87100,26.6845,1,3,0.00,0.17,0.00
168012,2.07525,2.07525,2.07525,1.36213,0.00000,0.87100,26.6845,1,3,0.00,0.17,0.00
168147,2.07525,2.07525,2.07525,1.36213,0.00000,0.87100,26.6845,1,3,0.00,0.17,0.00
168299,2.07525,2.07525,2.07525,1.36213,0.00000,0.87100,26.6856,1,3,0.00,0.17,0.00
168438,2.07525,2.07525,2.07525,1.36213,0.00000,0.87100,26.6845,1,3,0.00,0.17,0.00
168575,2.07525,2.07525,2.07525,1.36200,0.00000,0.87100,26.6856,1,3,0.00,0.17,0.00
168721,2.07525,2.07525,2.07525,1.36213,0.00000,0.87100,26.6845,1,3,0.00,0.17,0.00
168860,2.07525,2.07525,2.07525,1.36225,0.00000,0.87100,26.6856,1,3,0.00,0.17,0.00
168996,2.07525,2.07525,2.07525,1.36213,0.00000,0.87100,26.6856,1,3,0.00,0.17,0.00
169145,2.07538,2.07538,2.07538,1.36213,0.00000,0.87103,26.6856,1,3,0.00,0.17,0.00
169286,2.07525,2.07525,2.07525,1.36213,0.00000,0.87100,26.6856,1,3,0.00,0.17,0.00
169424,2.07525,2.07525,2.07525,1.36213,0.00000,0.87100,26.6868,1,3,0.00,0.17,0.00
169567,2.07525,2.07525,2.07525,1.36213,0.00000,0.87100,26.6856,1,3,0.00,0.17,0.00
169708,2.07525,2.07525,2.07525,1.36213,0.00000,0.87100,26.6856,1,3,0.00,0.17,0.00
169846,2.07525,2.07525,2.07525,1.36213,0.00000,0.87100,26.6868,1,3,0.00,0.17,0.00
169994,2.07525,2.07525,2.07525,1.36213,0.00000,0.87100,26.6856,1,3,0.00,0.17,0.00
170131,2.07525,2.07525,2.07525,1.36213,0.00000,0.87100,26.6856,1,3,0.00,0.17,0.00
170277,2.07525,2.07525,2.07525,1.36213,0.00000,0.87100,26.6856,1,3,0.00,0.17,0.00
170416,2.07525,2.07525,2.07525,1.36200,0.00000,0.87100,26.6856,1,3,0.00,0.17,0.00
170552,2.07525,2.07525,2.07525,1.36213,0.00000,0.87100,26.6868,1,3,0.00,0.17,0.00
170698,2.07525,2.07525,2.07525,1.36213,0.00000,0.87100,26.6879,1,3,0.00,0.17,0.00
170842,2.07525,2.07525,2.07525,1.36213,0.00000,0.87100,26.6868,1,3,0.00,0.17,0.00
170980,2.07525,2.07525,2.07525,1.36200,0.00000,0.87100,26.6856,1,3,0.00,0.17,0.00
171123,2.07525,2.07525,2.07525,1.36213,0.00000,0.87100,26.6868,1,3,0.00,0.17,0.00
171264,2.07525,2.07525,2.07525,1.36213,0.00000,0.87100,26.6856,1,3,0.00,0.17,0.00
171402,2.07525,2.07525,2.07525,1.36213,0.00000,0.87100,26.6856,1,3,0.00,0.17,0.00
171546,2.07525,2.07525,2.07525,1.36200,0.00000,0.87100,26.6868,1,3,0.00,0.17,0.00
171693,2.07525,2.07525,2.07525,1.36213,0.00000,0.87100,26.6868,1,3,0.00,0.17,0.00
171833,2.07525,2.07525,2.07525,1.36213,0.00000,0.87100,26.6868,1,3,0.00,0.17,0.00
171972,2.07525,2.07525,2.07525,1.36225,0.00000,0.87100,26.6868,1,3,0.00,0.17,0.00
172110,2.07538,2.07538,2.07538,1.36213,0.00000,0.87103,26.6868,1,3,0.00,0.17,0.00
172256,2.07525,2.07525,2.07525,1.36225,0.00000,0.87100,26.6868,1,3,0.00,0.17,0.00
172395,2.07525,2.07525,2.07525,1.36213,0.00000,0.87100,26.6868,1,3,0.00,0.17,0.00
172538,2.07538,2.07538,2.07538,1.36200,0.00000,0.87103,26.6868,1,3,0.00,0.17,0.00
172681,2.07525,2.07525,2.07525,1.36213,0.00000,0.87100,26.6879,1,3,0.00,0.17,0.00
172824,2.07525,2.07525,2.07525,1.36213,0.00000,0.87100,26.6879,1,3,0.00,0.17,0.00
172967,2.07525,2.07525,2.07525,1.36213,0.00000,0.87100,26.6879,1,3,0.00,0.17,0.00
173110,2.07525,2.07525,2.07525,1.36213,0.00000,0.87100,26.6856,1,3,0.00,0.17,0.00
173252,2.07525,2.07525,2.07525,1.36200,0.00000,0.87100,26.6879,1,3,0.00,0.17,0.00
173395,2.07525,2.07525,2.07525,1.36225,0.00000,0.87100,26.6868,1,3,0.00,0.17,0.00
173543,2.07525,2.07525,2.07525,1.36200,0.00000,0.87100,26.6879,1,3,0.00,0.17,0.00
173681,2.07525,2.07525,2.07525,1.36225,0.00000,0.87100,26.6879,1,3,0.00,0.17,0.00
173827,2.07525,2.07525,2.07525,1.36213,0.00000,0.87100,26.6868,1,3,0.00,0.17,0.00
173967,2.07525,2.07525,2.07525,1.36213,0.00000,0.87100,26.6868,1,3,0.00,0.17,0.00
174110,2.07512,2.07512,2.07512,1.36200,0.00000,0.87097,26.6868,1,3,0.00,0.17,0.00
174256,2.07525,2.07525,2.07525,1.36225,0.00000,0.87100,26.6879,1,3,0.00,0.17,0.00
174400,2.07525,2.07525,2.07525,1.36225,0.00000,0.87100,26.6879,1,3,0.00,0.17,0.00
174538,2.07525,2.07525,2.07525,1.36200,0.00000,0.87100,26.6879,1,3,0.00,0.17,0.00
174681,2.07525,2.07525,2.07525,1.36213,0.00000,0.87100,26.6891,1,3,0.00,0.17,0.00
174824,2.07525,2.07525,2.07525,1.36213,0.00000,0.87100,26.6868,1,3,0.00,0.17,0.00
174967,2.07525,2.07525,2.07525,1.36200,0.00000,0.87100,26.6891,1,3,0.00,0.17,0.00
175110,2.07525,2.07525,2.07525,1.36213,0.00000,0.87100,26.6879,1,3,0.00,0.17,0.00
175267,2.07525,2.07525,2.07525,1.36200,0.00000,0.87100,26.6879,1,3,0.00,0.17,0.00
175401,2.07525,2.07525,2.07525,1.36200,0.00000,0.87100,26.6891,1,3,0.00,0.17,0.00
175538,2.07525,2.07525,2.07525,1.36213,0.00000,0.87100,26.6879,1,3,0.00,0.17,0.00
175681,2.07525,2.07525,2.07525,1.36213,0.00000,0.87100,26.6879,1,3,0.00,0.17,0.00
175824,2.07512,2.07512,2.07512,1.36213,0.00000,0.87097,26.6879,1,3,0.00,0.17,0.00
175967,2.07512,2.07512,2.07512,1.36213,0.00000,0.87097,26.6891,1,3,0.00,0.17,0.00
176113,2.07512,2.07512,2.07512,1.36200,0.00000,0.87097,26.6891,1,3,0.00,0.17,0.00
176253,2.07525,2.07525,2.07525,1.36213,0.00000,0.87100,26.6879,1,3,0.00,0.17,0.00
176395,2.07512,2.07512,2.07512,1.36225,0.00000,0.87097,26.6879,1,3,0.00,0.17,0.00
176538,2.07525,2.07525,2.07525,1.36213,0.00000,0.87100,26.6891,1,3,0.00,0.17,0.00
176681,2.07512,2.07512,2.07512,1.36213,0.00000,0.87097,26.6879,1,3,0.00,0.17,0.00
176825,2.07525,2.07525,2.07525,1.36213,0.00000,0.87100,26.6879,1,3,0.00,0.17,0.00
176967,2.07525,2.07525,2.07525,1.36213,0.00000,0.87100,26.6891,1,3,0.00,0.17,0.00
177110,2.07525,2.07525,2.07525,1.36213,0.00000,0.87100,26.6902,1,3,0.00,0.17,0.00
177257,2.07525,2.07525,2.07525,1.36200,0.00000,0.87100,26.6891,1,3,0.00,0.17,0.00
177395,2.07525,2.07525,2.07525,1.36213,0.00000,0.87100,26.6879,1,3,0.00,0.17,0.00
177538,2.07512,2.07512,2.07512,1.36213,0.00000,0.87097,26.6891,1,3,0.00,0.17,0.00
177681,2.07525,2.07525,2.07525,1.36213,0.00000,0.87100,26.6891,1,3,0.00,0.17,0.00
177826,2.07525,2.07525,2.07525,1.36213,0.00000,0.87100,26.6891,1,3,0.00,0.17,0.00
178089,2.07525,2.07525,2.07525,1.36213,0.00000,0.87100,26.6891,1,3,0.00,0.17,0.00
178230,2.07525,2.07525,2.07525,1.36225,0.00000,0.87100,26.6891,1,3,0.00,0.17,0.00
178368,2.07525,2.07525,2.07525,1.36213,0.00000,0.87100,26.6891,1,3,0.00,0.17,0.00
178511,2.07525,2.07525,2.07525,1.36213,0.00000,0.87100,26.6902,1,3,0.00,0.17,0.00
178646,2.07512,2.07512,2.07512,1.36200,0.00000,0.87097,26.6891,1,3,0.00,0.17,0.00
178789,2.07525,2.07525,2.07525,1.36200,0.00000,0.87100,26.6891,1,3,0.00,0.17,0.00
178937,2.07525,2.07525,2.07525,1.36213,0.00000,0.87100,26.6902,1,3,0.00,0.17,0.00
179073,2.07525,2.07525,2.07525,1.36213,0.00000,0.87100,26.6891,1,3,0.00,0.17,0.00
179219,2.07525,2.07525,2.07525,1.36200,0.00000,0.87100,26.6902,1,3,0.00,0.17,0.00
179358,2.07525,2.07525,2.07525,1.36213,0.00000,0.87100,26.6891,1,3,0.00,0.17,0.00
179494,2.07512,2.07512,2.07512,1.36213,0.00000,0.87097,26.6902,1,3,0.00,0.17,0.00
179634,2.07525,2.07525,2.07525,1.36200,0.00000,0.87100,26.6902,1,3,0.00,0.17,0.00
179783,2.07512,2.07512,2.07512,1.36213,0.00000,0.87097,26.6902,1,3,0.00,0.17,0.00
179920,2.07512,2.07512,2.07512,1.36213,0.00000,0.87097,26.6891,1,3,0.00,0.17,0.00
180063,2.07512,2.07512,2.07512,1.36200,0.00000,0.87097,26.6902,1,3,0.00,0.17,0.00
180203,2.07512,2.07512,2.07512,1.36213,0.00000,0.87097,26.6902,1,3,0.00,0.17,0.00
180340,2.07512,2.07512,2.07512,1.36213,0.00000,0.87097,26.6902,1,3,0.00,0.17,0.00
180483,2.07512,2.07512,2.07512,1.36213,0.00000,0.87097,26.6913,1,3,0.00,0.17,0.00
180750,2.07512,2.07512,2.07512,1.36213,0.00000,0.87097,26.6902,1,3,0.00,0.17,0.00
180893,2.07512,2.07512,2.07512,1.36200,0.00000,0.87097,26.6902,1,3,0.00,0.17,0.00
181028,2.07512,2.07512,2.07512,1.36213,0.00000,0.87097,26.6913,1,3,0.00,0.17,0.00
181165,2.07512,2.07512,2.07512,1.36200,0.00000,0.87097,26.6902,1,3,0.00,0.17,0.00
181314,2.07512,2.07512,2.07512,1.36200,0.00000,0.87097,26.6902,1,3,0.00,0.17,0.00
181449,2.07512,2.07512,2.07512,1.36213,0.00000,0.87097,26.6902,1,3,0.00,0.17,0.00
181604,2.07350,2.07350,2.07350,1.36213,0.00000,0.87063,26.6913,1,4,0.13,0.00,0.00
181749,2.07887,2.07887,2.07887,1.36213,0.00000,0.87176,26.6902,1,4,0.13,0.00,0.00
181885,2.08262,2.08262,2.08262,1.36213,0.00000,0.87254,26.6902,1,4,0.13,0.00,0.00
182025,2.08550,2.08550,2.08550,1.36225,0.00000,0.87314,26.6902,1,4,0.13,0.00,0.00
182164,2.08775,2.08775,2.08775,1.36213,0.00000,0.87361,26.6902,1,4,0.13,0.00,0.00
182306,2.08962,2.08962,2.08962,1.36213,0.00000,0.87400,26.6902,1,4,0.13,0.00,0.00
182455,2.09125,2.09125,2.09125,1.36200,0.00000,0.87434,26.6913,1,4,0.13,0.00,0.00
182590,2.09262,2.09262,2.09262,1.36213,0.00000,0.87462,26.6902,1,4,0.13,0.00,0.00
182733,2.09375,2.09375,2.09375,1.36213,0.00000,0.87485,26.6913,1,4,0.13,0.00,0.00
182876,2.09462,2.09462,2.09462,1.36213,0.00000,0.87504,26.6902,1,4,0.13,0.00,0.00
183011,2.09538,2.09538,2.09538,1.36213,0.00000,0.87519,26.6913,1,4,0.13,0.00,0.00
183148,2.09613,2.09613,2.09613,1.36213,0.00000,0.87535,26.6902,1,4,0.13,0.00,0.00
183301,2.09675,2.09675,2.09675,1.36213,0.00000,0.87548,26.6902,1,4,0.13,0.00,0.00
183437,2.09725,2.09725,2.09725,1.36213,0.00000,0.87558,26.6913,1,4,0.13,0.00,0.00
183577,2.09775,2.09775,2.09775,1.36213,0.00000,0.87568,26.6913,1,4,0.13,0.00,0.00
183721,2.09825,2.09825,2.09825,1.36213,0.00000,0.87579,26.6913,1,4,0.13,0.00,0.00
183857,2.09850,2.09850,2.09850,1.36213,0.00000,0.87584,26.6913,1,4,0.13,0.00,0.00
183997,2.09887,2.09887,2.09887,1.36213,0.00000,0.87592,26.6913,1,4,0.13,0.00,0.00
184136,2.09925,2.09925,2.09925,1.36213,0.00000,0.87599,26.6913,1,4,0.13,0.00,0.00
184284,2.09950,2.09950,2.09950,1.36213,0.00000,0.87604,26.6913,1,4,0.13,0.00,0.00
184427,2.09975,2.09975,2.09975,1.36200,0.00000,0.87610,26.6913,1,4,0.13,0.00,0.00
184562,2.09987,2.09987,2.09987,1.36213,0.00000,0.87612,26.6913,1,4,0.13,0.00,0.00
184705,2.10013,2.10013,2.10013,1.36200,0.00000,0.87617,26.6913,1,4,0.13,0.00,0.00
184848,2.10037,2.10037,2.10037,1.36200,0.00000,0.87623,26.6913,1,4,0.13,0.00,0.00
184983,2.10050,2.10050,2.10050,1.36213,0.00000,0.87625,26.6913,1,4,0.13,0.00,0.00
185129,2.10062,2.10062,2.10062,1.36213,0.00000,0.87628,26.6925,1,4,0.13,0.00,0.00
185273,2.10087,2.10087,2.10087,1.36213,0.00000,0.87633,26.6913,1,4,0.13,0.00,0.00
185409,2.10100,2.10100,2.10100,1.36200,0.00000,0.87636,26.6913,1,4,0.13,0.00,0.00
185549,2.10112,2.10112,2.10112,1.36213,0.00000,0.87638,26.6913,1,4,0.13,0.00,0.00
185693,2.10112,2.10112,2.10112,1.36200,0.00000,0.87638,26.6925,1,4,0.13,0.00,0.00
185829,2.10125,2.10125,2.10125,1.36213,0.00000,0.87641,26.6913,1,4,0.13,0.00,0.00
185978,2.10150,2.10150,2.10150,1.36200,0.00000,0.87646,26.6913,1,4,0.13,0.00,0.00
186113,2.10150,2.10150,2.10150,1.36200,0.00000,0.87646,26.6913,1,4,0.13,0.00,0.00
186256,2.10162,2.10162,2.10162,1.36213,0.00000,0.87648,26.6925,1,4,0.13,0.00,0.00
186399,2.10162,2.10162,2.10162,1.36213,0.00000,0.87648,26.6913,1,4,0.13,0.00,0.00
186538,2.10175,2.10175,2.10175,1.36200,0.00000,0.87651,26.6925,1,4,0.13,0.00,0.00
186681,2.10187,2.10187,2.10187,1.36213,0.00000,0.87654,26.6925,1,4,0.13,0.00,0.00
186834,2.10187,2.10187,2.10187,1.36213,0.00000,0.87654,26.6925,1,4,0.13,0.00,0.00
186970,2.10187,2.10187,2.10187,1.36213,0.00000,0.87654,26.6925,1,4,0.13,0.00,0.00
187110,2.10200,2.10200,2.10200,1.36213,0.00000,0.87656,26.6925,1,4,0.13,0.00,0.00
187255,2.10212,2.10212,2.10212,1.36213,0.00000,0.87659,26.6925,1,4,0.13,0.00,0.00
187395,2.10212,2.10212,2.10212,1.36213,0.00000,0.87659,26.6925,1,4,0.13,0.00,0.00
187538,2.10225,2.10225,2.10225,1.36213,0.00000,0.87661,26.6925,1,4,0.13,0.00,0.00
187682,2.10225,2.10225,2.10225,1.36213,0.00000,0.87661,26.6925,1,4,0.13,0.00,0.00
187825,2.10225,2.10225,2.10225,1.36200,0.00000,0.87661,26.6925,1,4,0.13,0.00,0.00
187968,2.10225,2.10225,2.10225,1.36200,0.00000,0.87661,26.6925,1,4,0.13,0.00,0.00
188110,2.10225,2.10225,2.10225,1.36213,0.00000,0.87661,26.6925,1,4,0.13,0.00,0.00
188253,2.10225,2.10225,2.10225,1.36213,0.00000,0.87661,26.6925,1,4,0.13,0.00,0.00
188396,2.10225,2.10225,2.10225,1.36213,0.00000,0.87661,26.6925,1,4,0.13,0.00,0.00
188538,2.10225,2.10225,2.10225,1.36200,0.00000,0.87661,26.6925,1,4,0.13,0.00,0.00
188681,2.10237,2.10237,2.10237,1.36213,0.00000,0.87664,26.6925,1,4,0.13,0.00,0.00
188825,2.10237,2.10237,2.10237,1.36213,0.00000,0.87664,26.6936,1,4,0.13,0.00,0.00
188967,2.10237,2.10237,2.10237,1.36213,0.00000,0.87664,26.6925,1,4,0.13,0.00,0.00
189110,2.10237,2.10237,2.10237,1.36213,0.00000,0.87664,26.6936,1,4,0.13,0.00,0.00
189254,2.10250,2.10250,2.10250,1.36213,0.00000,0.87667,26.6936,1,4,0.13,0.00,0.00
189395,2.10250,2.10250,2.10250,1.36225,0.00000,0.87667,26.6925,1,4,0.13,0.00,0.00
189544,2.10250,2.10250,2.10250,1.36213,0.00000,0.87667,26.6936,1,4,0.13,0.00,0.00
189681,2.10250,2.10250,2.10250,1.36213,0.00000,0.87667,26.6936,1,4,0.13,0.00,0.00
189824,2.10250,2.10250,2.10250,1.36200,0.00000,0.87667,26.6936,1,4,0.13,0.00,0.00
189967,2.10250,2.10250,2.10250,1.36200,0.00000,0.87667,26.6925,1,4,0.13,0.00,0.00
190110,2.10262,2.10262,2.10262,1.36213,0.00000,0.87669,26.6936,1,4,0.13,0.00,0.00
190253,2.10262,2.10262,2.10262,1.36213,0.00000,0.87669,26.6936,1,4,0.13,0.00,0.00
190401,2.10262,2.10262,2.10262,1.36200,0.00000,0.87669,26.6936,1,4,0.13,0.00,0.00
190538,2.10262,2.10262,2.10262,1.36213,0.00000,0.87669,26.6936,1,4,0.13,0.00,0.00
190681,2.10262,2.10262,2.10262,1.36213,0.00000,0.87669,26.6936,1,4,0.13,0.00,0.00
190825,2.10262,2.10262,2.10262,1.36200,0.00000,0.87669,26.6936,1,4,0.13,0.00,0.00
190967,2.10262,2.10262,2.10262,1.36213,0.00000,0.87669,26.6936,1,4,0.13,0.00,0.00
191110,2.10262,2.10262,2.10262,1.36200,0.00000,0.87669,26.6948,1,4,0.13,0.00,0.00
191259,2.10262,2.10262,2.10262,1.36225,0.00000,0.87669,26.6936,1,4,0.13,0.00,0.00
191396,2.10275,2.10275,2.10275,1.36213,0.00000,0.87672,26.6936,1,4,0.13,0.00,0.00
191539,2.10275,2.10275,2.10275,1.36200,0.00000,0.87672,26.6936,1,4,0.13,0.00,0.00
191681,2.10275,2.10275,2.10275,1.36225,0.00000,0.87672,26.6948,1,4,0.13,0.00,0.00
191824,2.10275,2.10275,2.10275,1.36200,0.00000,0.87672,26.6936,1,4,0.13,0.00,0.00
191967,2.10275,2.10275,2.10275,1.36200,0.00000,0.87672,26.6936,1,4,0.13,0.00,0.00
192110,2.10275,2.10275,2.10275,1.36213,0.00000,0.87672,26.6948,1,4,0.13,0.00,0.00
192256,2.10275,2.10275,2.10275,1.36213,0.00000,0.87672,26.6948,1,4,0.13,0.00,0.00
192395,2.10275,2.10275,2.10275,1.36200,0.00000,0.87672,26.6948,1,4,0.13,0.00,0.00
192538,2.10275,2.10275,2.10275,1.36213,0.00000,0.87672,26.6948,1,4,0.13,0.00,0.00
192681,2.10275,2.10275,2.10275,1.36213,0.00000,0.87672,26.6948,1,4,0.13,0.00,0.00
192825,2.10275,2.10275,2.10275,1.36200,0.00000,0.87672,26.6948,1,4,0.13,0.00,0.00
192967,2.10287,2.10287,2.10287,1.36200,0.00000,0.87674,26.6948,1,4,0.13,0.00,0.00
193110,2.10275,2.10275,2.10275,1.36213,0.00000,0.87672,26.6948,1,4,0.13,0.00,0.00
193252,2.10287,2.10287,2.10287,1.36213,0.00000,0.87674,26.6948,1,4,0.13,0.00,0.00
193395,2.10287,2.10287,2.10287,1.36200,0.00000,0.87674,26.6948,1,4,0.13,0.00,0.00
193538,2.10275,2.10275,2.10275,1.36200,0.00000,0.87672,26.6948,1,4,0.13,0.00,0.00
193681,2.10275,2.10275,2.10275,1.36213,0.00000,0.87672,26.6948,1,4,0.13,0.00,0.00
193832,2.10275,2.10275,2.10275,1.36200,0.00000,0.87672,26.6959,1,4,0.13,0.00,0.00
193971,2.10287,2.10287,2.10287,1.36200,0.00000,0.87674,26.6948,1,4,0.13,0.00,0.00
194110,2.10287,2.10287,2.10287,1.36200,0.00000,0.87674,26.6948,1,4,0.13,0.00,0.00
194255,2.10287,2.10287,2.10287,1.36213,0.00000,0.87674,26.6959,1,4,0.13,0.00,0.00
194395,2.10275,2.10275,2.10275,1.36200,0.00000,0.87672,26.6948,1,4,0.13,0.00,0.00
194538,2.10287,2.10287,2.10287,1.36200,0.00000,0.87674,26.6948,1,4,0.13,0.00,0.00
194681,2.10275,2.10275,2.10275,1.36213,0.00000,0.87672,26.6959,1,4,0.13,0.00,0.00
194830,2.10287,2.10287,2.10287,1.36200,0.00000,0.87674,26.6959,1,4,0.13,0.00,0.00
194967,2.10275,2.10275,2.10275,1.36213,0.00000,0.87672,26.6959,1,4,0.13,0.00,0.00
195110,2.10287,2.10287,2.10287,1.36213,0.00000,0.87674,26.6959,1,4,0.13,0.00,0.00
195252,2.10287,2.10287,2.10287,1.36213,0.00000,0.87674,26.6959,1,4,0.13,0.00,0.00
195395,2.10287,2.10287,2.10287,1.36200,0.00000,0.87674,26.6959,1,4,0.13,0.00,0.00
195538,2.10287,2.10287,2.10287,1.36213,0.00000,0.87674,26.6959,1,4,0.13,0.00,0.00
195929,2.10287,2.10287,2.10287,1.36200,0.00000,0.87674,26.6959,1,4,0.13,0.00,0.00
196068,2.10287,2.10287,2.10287,1.36200,0.00000,0.87674,26.6959,1,4,0.13,0.00,0.00
196210,2.10287,2.10287,2.10287,1.36213,0.00000,0.87674,26.6959,1,4,0.13,0.00,0.00
196350,2.10287,2.10287,2.10287,1.36200,0.00000,0.87674,26.6959,1,4,0.13,0.00,0.00
196489,2.10287,2.10287,2.10287,1.36213,0.00000,0.87674,26.6959,1,4,0.13,0.00,0.00
196625,2.10287,2.10287,2.10287,1.36213,0.00000,0.87674,26.6959,1,4,0.13,0.00,0.00
196779,2.10287,2.10287,2.10287,1.36213,0.00000,0.87674,26.6959,1,4,0.13,0.00,0.00
196914,2.10300,2.10300,2.10300,1.36200,0.00000,0.87677,26.6959,1,4,0.13,0.00,0.00
197052,2.10287,2.10287,2.10287,1.36213,0.00000,0.87674,26.6970,1,4,0.13,0.00,0.00
197201,2.10287,2.10287,2.10287,1.36200,0.00000,0.87674,26.6970,1,4,0.13,0.00,0.00
197336,2.10300,2.10300,2.10300,1.36200,0.00000,0.87677,26.6959,1,4,0.13,0.00,0.00
197474,2.10287,2.10287,2.10287,1.36187,0.00000,0.87674,26.6959,1,4,0.13,0.00,0.00
197622,2.10287,2.10287,2.10287,1.36213,0.00000,0.87674,26.6959,1,4,0.13,0.00,0.00
197764,2.10287,2.10287,2.10287,1.36200,0.00000,0.87674,26.6959,1,4,0.13,0.00,0.00
197904,2.10287,2.10287,2.10287,1.36213,0.00000,0.87674,26.6959,1,4,0.13,0.00,0.00
198043,2.10287,2.10287,2.10287,1.36200,0.00000,0.87674,26.6959,1,4,0.13,0.00,0.00
198179,2.10300,2.10300,2.10300,1.36200,0.00000,0.87677,26.6959,1,4,0.13,0.00,0.00
198325,2.10287,2.10287,2.10287,1.36200,0.00000,0.87674,26.6959,1,4,0.13,0.00,0.00
198469,2.10300,2.10300,2.10300,1.36213,0.00000,0.87677,26.6970,1,4,0.13,0.00,0.00
198607,2.10300,2.10300,2.10300,1.36200,0.00000,0.87677,26.6970,1,4,0.13,0.00,0.00
198755,2.10300,2.10300,2.10300,1.36213,0.00000,0.87677,26.6970,1,4,0.13,0.00,0.00
198890,2.10300,2.10300,2.10300,1.36200,0.00000,0.87677,26.6970,1,4,0.13,0.00,0.00
199028,2.10300,2.10300,2.10300,1.36213,0.00000,0.87677,26.6970,1,4,0.13,0.00,0.00
199171,2.10300,2.10300,2.10300,1.36213,0.00000,0.87677,26.6970,1,4,0.13,0.00,0.00
199317,2.10300,2.10300,2.10300,1.36200,0.00000,0.87677,26.6970,1,4,0.13,0.00,0.00
199457,2.10287,2.10287,2.10287,1.36200,0.00000,0.87674,26.6970,1,4,0.13,0.00,0.00
199596,2.10287,2.10287,2.10287,1.36200,0.00000,0.87674,26.6982,1,4,0.13,0.00,0.00
199738,2.10287,2.10287,2.10287,1.36200,0.00000,0.87674,26.6970,1,4,0.13,0.00,0.00
199878,2.10287,2.10287,2.10287,1.36200,0.00000,0.87674,26.6982,1,4,0.13,0.00,0.00
200017,2.10287,2.10287,2.10287,1.36200,0.00000,0.87674,26.6970,1,4,0.13,0.00,0.00
200153,2.10287,2.10287,2.10287,1.36200,0.00000,0.87674,26.6970,1,4,0.13,0.00,0.00
200307,2.10300,2.10300,2.10300,1.36213,0.00000,0.87677,26.6970,1,4,0.13,0.00,0.00
200453,2.10300,2.10300,2.10300,1.36213,0.00000,0.87677,26.6982,1,4,0.13,0.00,0.00
200590,2.10300,2.10300,2.10300,1.36200,0.00000,0.87677,26.6982,1,4,0.13,0.00,0.00
200734,2.10300,2.10300,2.10300,1.36200,0.00000,0.87677,26.6970,1,4,0.13,0.00,0.00
200876,2.10300,2.10300,2.10300,1.36200,0.00000,0.87677,26.6982,1,4,0.13,0.00,0.00
201017,2.10300,2.10300,2.10300,1.36200,0.00000,0.87677,26.6970,1,4,0.13,0.00,0.00
201160,2.10287,2.10287,2.10287,1.36187,0.00000,0.87674,26.6982,1,4,0.13,0.00,0.00
201310,2.10300,2.10300,2.10300,1.36187,0.00000,0.87677,26.6970,1,4,0.13,0.00,0.00
201446,2.10300,2.10300,2.10300,1.36200,0.00000,0.87677,26.6982,1,4,0.13,0.00,0.00
201585,2.10287,2.10287,2.10287,1.36200,0.00000,0.87674,26.6982,1,4,0.13,0.00,0.00
201735,2.10287,2.10287,2.10287,1.36213,0.00000,0.87674,26.6982,1,4,0.13,0.00,0.00
201871,2.10300,2.10300,2.10300,1.36213,0.00000,0.87677,26.6970,1,4,0.13,0.00,0.00
202037,2.10287,2.10287,2.10287,1.36200,0.00000,0.87674,26.6982,1,4,0.13,0.00,0.00
202179,2.10287,2.10287,2.10287,1.36200,0.00000,0.87674,26.6982,1,4,0.13,0.00,0.00
202331,2.10287,2.10287,2.10287,1.36200,0.00000,0.87674,26.6982,1,4,0.13,0.00,0.00
202476,2.10287,2.10287,2.10287,1.36213,0.00000,0.87674,26.6982,1,4,0.13,0.00,0.00
202618,2.10300,2.10300,2.10300,1.36213,0.00000,0.87677,26.6982,1,4,0.13,0.00,0.00
202770,2.10300,2.10300,2.10300,1.36200,0.00000,0.87677,26.6982,1,4,0.13,0.00,0.00
202920,2.10287,2.10287,2.10287,1.36213,0.00000,0.87674,26.6982,1,4,0.13,0.00,0.00
203063,2.10300,2.10300,2.10300,1.36213,0.00000,0.87677,26.6993,1,4,0.13,0.00,0.00
203218,2.10300,2.10300,2.10300,1.36213,0.00000,0.87677,26.6993,1,4,0.13,0.00,0.00
203359,2.10300,2.10300,2.10300,1.36213,0.00000,0.87677,26.6993,1,4,0.13,0.00,0.00
203502,2.10312,2.10312,2.10312,1.36213,0.00000,0.87679,26.6993,1,4,0.13,0.00,0.00
203651,2.10300,2.10300,2.10300,1.36187,0.00000,0.87677,26.6993,1,4,0.13,0.00,0.00
203803,2.10300,2.10300,2.10300,1.36213,0.00000,0.87677,26.6993,1,4,0.13,0.00,0.00
203949,2.10312,2.10312,2.10312,1.36213,0.00000,0.87679,26.6982,1,4,0.13,0.00,0.00
204094,2.10312,2.10312,2.10312,1.36200,0.00000,0.87679,26.6993,1,4,0.13,0.00,0.00
204242,2.10312,2.10312,2.10312,1.36200,0.00000,0.87679,26.6993,1,4,0.13,0.00,0.00
204388,2.10312,2.10312,2.10312,1.36200,0.00000,0.87679,26.6993,1,4,0.13,0.00,0.00
204533,2.10312,2.10312,2.10312,1.36200,0.00000,0.87679,26.6993,1,4,0.13,0.00,0.00
204681,2.10312,2.10312,2.10312,1.36213,0.00000,0.87679,26.6982,1,4,0.13,0.00,0.00
204836,2.10312,2.10312,2.10312,1.36200,0.00000,0.87679,26.6993,1,4,0.13,0.00,0.00
204977,2.10325,2.10325,2.10325,1.36200,0.00000,0.87682,26.6993,1,4,0.13,0.00,0.00
205120,2.10312,2.10312,2.10312,1.36213,0.00000,0.87679,26.7005,1,4,0.13,0.00,0.00
205275,2.10312,2.10312,2.10312,1.36200,0.00000,0.87679,26.7005,1,4,0.13,0.00,0.00
205416,2.10312,2.10312,2.10312,1.36200,0.00000,0.87679,26.6993,1,4,0.13,0.00,0.00
205559,2.10325,2.10325,2.10325,1.36213,0.00000,0.87682,26.6993,1,4,0.13,0.00,0.00
205718,2.10312,2.10312,2.10312,1.36200,0.00000,0.87679,26.7005,1,4,0.13,0.00,0.00
205860,2.10325,2.10325,2.10325,1.36213,0.00000,0.87682,26.7005,1,4,0.13,0.00,0.00
206006,2.10325,2.10325,2.10325,1.36200,0.00000,0.87682,26.7005,1,4,0.13,0.00,0.00
206151,2.10325,2.10325,2.10325,1.36213,0.00000,0.87682,26.7005,1,4,0.13,0.00,0.00
206299,2.10325,2.10325,2.10325,1.36213,0.00000,0.87682,26.6993,1,4,0.13,0.00,0.00
206445,2.10338,2.10338,2.10338,1.36213,0.00000,0.87685,26.7005,1,4,0.13,0.00,0.00
206595,2.10325,2.10325,2.10325,1.36200,0.00000,0.87682,26.6993,1,4,0.13,0.00,0.00
206744,2.10338,2.10338,2.10338,1.36213,0.00000,0.87685,26.7005,1,4,0.13,0.00,0.00
206893,2.10338,2.10338,2.10338,1.36213,0.00000,0.87685,26.7005,1,4,0.13,0.00,0.00
207034,2.10325,2.10325,2.10325,1.36200,0.00000,0.87682,26.7005,1,4,0.13,0.00,0.00
207177,2.10325,2.10325,2.10325,1.36200,0.00000,0.87682,26.7005,1,4,0.13,0.00,0.00
207332,2.10325,2.10325,2.10325,1.36213,0.00000,0.87682,26.7005,1,4,0.13,0.00,0.00
207479,2.10338,2.10338,2.10338,1.36200,0.00000,0.87685,26.7005,1,4,0.13,0.00,0.00
207625,2.10338,2.10338,2.10338,1.36200,0.00000,0.87685,26.7005,1,4,0.13,0.00,0.00
207775,2.10325,2.10325,2.10325,1.36200,0.00000,0.87682,26.7005,1,4,0.13,0.00,0.00
207917,2.10325,2.10325,2.10325,1.36213,0.00000,0.87682,26.7005,1,4,0.13,0.00,0.00
208063,2.10325,2.10325,2.10325,1.36213,0.00000,0.87682,26.7005,1,4,0.13,0.00,0.00
208213,2.10325,2.10325,2.10325,1.36200,0.00000,0.87682,26.7005,1,4,0.13,0.00,0.00
208361,2.10338,2.10338,2.10338,1.36187,0.00000,0.87685,26.7005,1,4,0.13,0.00,0.00
208510,2.10338,2.10338,2.10338,1.36200,0.00000,0.87685,26.7005,1,4,0.13,0.00,0.00
208651,2.10338,2.10338,2.10338,1.36200,0.00000,0.87685,26.7005,1,4,0.13,0.00,0.00
208800,2.10338,2.10338,2.10338,1.36200,0.00000,0.87685,26.7016,1,4,0.13,0.00,0.00
208949,2.10338,2.10338,2.10338,1.36200,0.00000,0.87685,26.7005,1,4,0.13,0.00,0.00
209090,2.10338,2.10338,2.10338,1.36213,0.00000,0.87685,26.7016,1,4,0.13,0.00,0.00
209248,2.10338,2.10338,2.10338,1.36200,0.00000,0.87685,26.7016,1,4,0.13,0.00,0.00
209393,2.10338,2.10338,2.10338,1.36200,0.00000,0.87685,26.7016,1,4,0.13,0.00,0.00
209535,2.10338,2.10338,2.10338,1.36200,0.00000,0.87685,26.7016,1,4,0.13,0.00,0.00
209681,2.10338,2.10338,2.10338,1.36200,0.00000,0.87685,26.7016,1,4,0.13,0.00,0.00
209831,2.10338,2.10338,2.10338,1.36213,0.00000,0.87685,26.7005,1,4,0.13,0.00,0.00
209973,2.10338,2.10338,2.10338,1.36213,0.00000,0.87685,26.7016,1,4,0.13,0.00,0.00
210128,2.10338,2.10338,2.10338,1.36200,0.00000,0.87685,26.7016,1,4,0.13,0.00,0.00
210274,2.10338,2.10338,2.10338,1.36200,0.00000,0.87685,26.7016,1,4,0.13,0.00,0.00
210417,2.10350,2.10350,2.10350,1.36200,0.00000,0.87687,26.7016,1,4,0.13,0.00,0.00
210566,2.10338,2.10338,2.10338,1.36200,0.00000,0.87685,26.7016,1,4,0.13,0.00,0.00
210712,2.10338,2.10338,2.10338,1.36213,0.00000,0.87685,26.7016,1,4,0.13,0.00,0.00
210855,2.10350,2.10350,2.10350,1.36213,0.00000,0.87687,26.7016,1,4,0.13,0.00,0.00
211004,2.10338,2.10338,2.10338,1.36213,0.00000,0.87685,26.7016,1,4,0.13,0.00,0.00
211151,2.10338,2.10338,2.10338,1.36213,0.00000,0.87685,26.7016,1,4,0.13,0.00,0.00
211426,2.10350,2.10350,2.10350,1.36200,0.00000,0.87687,26.7016,1,4,0.13,0.00,0.00
211567,2.10350,2.10350,2.10350,1.36213,0.00000,0.87687,26.7016,1,4,0.13,0.00,0.00
211725,2.10350,2.10350,2.10350,1.36200,0.00000,0.87687,26.7027,1,0,0.13,0.00,0.00
211874,2.10350,2.10350,2.10350,1.36213,0.00000,0.87687,26.7027,1,0,0.13,0.00,0.00
212015,2.10350,2.10350,2.10350,1.36200,0.00000,0.87687,26.7027,1,0,0.13,0.00,0.00
212167,2.10350,2.10350,2.10350,1.36200,0.00000,0.87687,26.7016,1,0,0.13,0.00,0.00
212317,2.10350,2.10350,2.10350,1.36213,0.00000,0.87687,26.7027,1,0,0.13,0.00,0.00
212459,2.10350,2.10350,2.10350,1.36200,0.00000,0.87687,26.7027,1,0,0.13,0.00,0.00
212605,2.10350,2.10350,2.10350,1.36200,0.00000,0.87687,26.7027,1,0,0.13,0.00,0.00
212755,2.10350,2.10350,2.10350,1.36200,0.00000,0.87687,26.7027,1,0,0.13,0.00,0.00
212897,2.10350,2.10350,2.10350,1.36213,0.00000,0.87687,26.7027,1,0,0.13,0.00,0.00
213052,2.10350,2.10350,2.10350,1.36200,0.00000,0.87687,26.7027,1,0,0.13,0.00,0.00
213198,2.10338,2.10338,2.10338,1.36200,0.00000,0.87685,26.7027,1,0,0.13,0.00,0.00
213341,2.10350,2.10350,2.10350,1.36200,0.00000,0.87687,26.7027,1,0,0.13,0.00,0.00
213490,2.10362,2.10362,2.10362,1.36213,0.00000,0.87690,26.7027,1,0,0.13,0.00,0.00
213757,2.10350,2.10350,2.10350,1.36187,0.00000,0.87687,26.7027,1,0,0.13,0.00,0.00
213903,2.10350,2.10350,2.10350,1.36200,0.00000,0.87687,26.7027,1,0,0.13,0.00,0.00
214052,2.10350,2.10350,2.10350,1.36200,0.00000,0.87687,26.7027,1,0,0.13,0.00,0.00
214201,2.10362,2.10362,2.10362,1.36200,0.00000,0.87690,26.7027,1,0,0.13,0.00,0.00
214350,2.10350,2.10350,2.10350,1.36200,0.00000,0.87687,26.7027,1,0,0.13,0.00,0.00
214491,2.10350,2.10350,2.10350,1.36213,0.00000,0.87687,26.7027,1,0,0.13,0.00,0.00
214634,2.10362,2.10362,2.10362,1.36213,0.00000,0.87690,26.7027,1,0,0.13,0.00,0.00
214789,2.10350,2.10350,2.10350,1.36200,0.00000,0.87687,26.7027,1,0,0.13,0.00,0.00
214935,2.10350,2.10350,2.10350,1.36200,0.00000,0.87687,26.7039,1,0,0.13,0.00,0.00
215081,2.10362,2.10362,2.10362,1.36187,0.00000,0.87690,26.7039,1,0,0.13,0.00,0.00
215231,2.10362,2.10362,2.10362,1.36213,0.00000,0.87690,26.7027,1,0,0.13,0.00,0.00
215373,2.10362,2.10362,2.10362,1.36200,0.00000,0.87690,26.7027,1,0,0.13,0.00,0.00
215519,2.10362,2.10362,2.10362,1.36200,0.00000,0.87690,26.7039,1,0,0.13,0.00,0.00
215664,2.10362,2.10362,2.10362,1.36213,0.00000,0.87690,26.7039,1,0,0.13,0.00,0.00
215817,2.10362,2.10362,2.10362,1.36200,0.00000,0.87690,26.7039,1,0,0.13,0.00,0.00
215966,2.10362,2.10362,2.10362,1.36200,0.00000,0.87690,26.7039,1,0,0.13,0.00,0.00
216107,2.10362,2.10362,2.10362,1.36200,0.00000,0.87690,26.7039,1,0,0.13,0.00,0.00
216256,2.10362,2.10362,2.10362,1.36200,0.00000,0.87690,26.7039,1,0,0.13,0.00,0.00
216405,2.10362,2.10362,2.10362,1.36200,0.00000,0.87690,26.7039,1,0,0.13,0.00,0.00
216546,2.10362,2.10362,2.10362,1.36200,0.00000,0.87690,26.7039,1,0,0.13,0.00,0.00
216695,2.10362,2.10362,2.10362,1.36200,0.00000,0.87690,26.7039,1,0,0.13,0.00,0.00
216848,2.10375,2.10375,2.10375,1.36200,0.00000,0.87692,26.7039,1,0,0.13,0.00,0.00
216990,2.10375,2.10375,2.10375,1.36200,0.00000,0.87692,26.7050,1,0,0.13,0.00,0.00
217136,2.10375,2.10375,2.10375,1.36200,0.00000,0.87692,26.7039,1,0,0.13,0.00,0.00
217286,2.10375,2.10375,2.10375,1.36200,0.00000,0.87692,26.7039,1,0,0.13,0.00,0.00
217428,2.10362,2.10362,2.10362,1.36200,0.00000,0.87690,26.7050,1,0,0.13,0.00,0.00
217574,2.10362,2.10362,2.10362,1.36200,0.00000,0.87690,26.7039,1,0,0.13,0.00,0.00
217729,2.10362,2.10362,2.10362,1.36187,0.00000,0.87690,26.7039,1,0,0.13,0.00,0.00
217872,2.10362,2.10362,2.10362,1.36200,0.00000,0.87690,26.7050,1,0,0.13,0.00,0.00
218021,2.10362,2.10362,2.10362,1.36200,0.00000,0.87690,26.7039,1,0,0.13,0.00,0.00
218162,2.10362,2.10362,2.10362,1.36200,0.00000,0.87690,26.7050,1,0,0.13,0.00,0.00
218311,2.10362,2.10362,2.10362,1.36200,0.00000,0.87690,26.7050,1,0,0.13,0.00,0.00
218460,2.10362,2.10362,2.10362,1.36200,0.00000,0.87690,26.7050,1,0,0.13,0.00,0.00
218606,2.10362,2.10362,2.10362,1.36200,0.00000,0.87690,26.7050,1,0,0.13,0.00,0.00
218757,2.10362,2.10362,2.10362,1.36213,0.00000,0.87690,26.7050,1,0,0.13,0.00,0.00
218902,2.10362,2.10362,2.10362,1.36213,0.00000,0.87690,26.7050,1,0,0.13,0.00,0.00
219044,2.10362,2.10362,2.10362,1.36200,0.00000,0.87690,26.7062,1,0,0.13,0.00,0.00
219195,2.10362,2.10362,2.10362,1.36200,0.00000,0.87690,26.7050,1,0,0.13,0.00,0.00
219340,2.10362,2.10362,2.10362,1.36200,0.00000,0.87690,26.7050,1,0,0.13,0.00,0.00
219488,2.10362,2.10362,2.10362,1.36200,0.00000,0.87690,26.7062,1,0,0.13,0.00,0.00
219637,2.10362,2.10362,2.10362,1.36200,0.00000,0.87690,26.7050,1,0,0.13,0.00,0.00
219783,2.10362,2.10362,2.10362,1.36200,0.00000,0.87690,26.7062,1,0,0.13,0.00,0.00
219926,2.10362,2.10362,2.10362,1.36200,0.00000,0.87690,26.7050,1,0,0.13,0.00,0.00
220075,2.10362,2.10362,2.10362,1.36200,0.00000,0.87690,26.7062,1,0,0.13,0.00,0.00
220221,2.10375,2.10375,2.10375,1.36213,0.00000,0.87692,26.7062,1,0,0.13,0.00,0.00
220373,2.10375,2.10375,2.10375,1.36200,0.00000,0.87692,26.7062,1,0,0.13,0.00,0.00
220518,2.10375,2.10375,2.10375,1.36200,0.00000,0.87692,26.7062,1,0,0.13,0.00,0.00
220660,2.10387,2.10387,2.10387,1.36200,0.00000,0.87695,26.7062,1,0,0.13,0.00,0.00
220811,2.10375,2.10375,2.10375,1.36213,0.00000,0.87692,26.7073,1,0,0.13,0.00,0.00
220956,2.10375,2.10375,2.10375,1.36200,0.00000,0.87692,26.7062,1,0,0.13,0.00,0.00
221098,2.10375,2.10375,2.10375,1.36200,0.00000,0.87692,26.7062,1,0,0.13,0.00,0.00
221258,2.10362,2.10362,2.10362,1.36200,0.00000,0.87690,26.7062,1,0,0.13,0.00,0.00
221399,2.10375,2.10375,2.10375,1.36213,0.00000,0.87692,26.7073,1,0,0.13,0.00,0.00
221542,2.10375,2.10375,2.10375,1.36200,0.00000,0.87692,26.7073,1,0,0.13,0.00,0.00
221696,2.10362,2.10362,2.10362,1.36200,0.00000,0.87690,26.7073,1,0,0.13,0.00,0.00
221846,2.09637,2.09637,2.09637,1.36200,0.00000,0.87540,26.7073,1,1,0.00,0.37,0.00
221989,2.07912,2.07912,2.07912,1.36187,0.00000,0.87181,26.7062,1,1,0.00,0.36,0.00
222138,2.07637,2.07637,2.07637,1.36187,0.00000,0.87123,26.7073,1,1,0.00,0.37,0.00
222289,2.07575,2.07575,2.07575,1.36200,0.00000,0.87110,26.7062,1,1,0.00,0.37,0.00
222435,2.07550,2.07550,2.07550,1.36200,0.00000,0.87105,26.7084,1,1,0.00,0.37,0.00
222580,2.07550,2.07550,2.07550,1.36200,0.00000,0.87105,26.7073,1,1,0.00,0.37,0.00
222727,2.07550,2.07550,2.07550,1.36200,0.00000,0.87105,26.7073,1,1,0.00,0.37,0.00
222873,2.07550,2.07550,2.07550,1.36200,0.00000,0.87105,26.7062,1,1,0.00,0.37,0.00
223017,2.07562,2.07562,2.07562,1.36200,0.00000,0.87108,26.7073,1,1,0.00,0.37,0.00
223164,2.07562,2.07562,2.07562,1.36200,0.00000,0.87108,26.7073,1,1,0.00,0.37,0.00
223318,2.07562,2.07562,2.07562,1.36187,0.00000,0.87108,26.7073,1,1,0.00,0.37,0.00
223458,2.07562,2.07562,2.07562,1.36213,0.00000,0.87108,26.7073,1,1,0.00,0.37,0.00
223601,2.07562,2.07562,2.07562,1.36213,0.00000,0.87108,26.7084,1,1,0.00,0.36,0.00
223755,2.07550,2.07550,2.07550,1.36213,0.00000,0.87105,26.7073,1,1,0.00,0.37,0.00
223895,2.07550,2.07550,2.07550,1.36200,0.00000,0.87105,26.7073,1,1,0.00,0.37,0.00
224046,2.07550,2.07550,2.07550,1.36200,0.00000,0.87105,26.7073,1,1,0.00,0.36,0.00
224196,2.07550,2.07550,2.07550,1.36200,0.00000,0.87105,26.7073,1,1,0.00,0.37,0.00
224338,2.07562,2.07562,2.07562,1.36200,0.00000,0.87108,26.7073,1,1,0.00,0.37,0.00
224484,2.07562,2.07562,2.07562,1.36200,0.00000,0.87108,26.7073,1,1,0.00,0.37,0.00
224629,2.07550,2.07550,2.07550,1.36200,0.00000,0.87105,26.7073,1,1,0.00,0.37,0.00
224776,2.07562,2.07562,2.07562,1.36200,0.00000,0.87108,26.7084,1,1,0.00,0.37,0.00
224931,2.07550,2.07550,2.07550,1.36213,0.00000,0.87105,26.7084,1,1,0.00,0.37,0.00
225072,2.07550,2.07550,2.07550,1.36200,0.00000,0.87105,26.7084,1,1,0.00,0.37,0.00
225221,2.07562,2.07562,2.07562,1.36187,0.00000,0.87108,26.7073,1,1,0.00,0.36,0.00
225370,2.07550,2.07550,2.07550,1.36200,0.00000,0.87105,26.7084,1,1,0.00,0.37,0.00
225511,2.07562,2.07562,2.07562,1.36200,0.00000,0.87108,26.7084,1,1,0.00,0.37,0.00
225654,2.07562,2.07562,2.07562,1.36200,0.00000,0.87108,26.7096,1,1,0.00,0.37,0.00
225813,2.07550,2.07550,2.07550,1.36200,0.00000,0.87105,26.7084,1,1,0.00,0.37,0.00
225955,2.07550,2.07550,2.07550,1.36213,0.00000,0.87105,26.7084,1,1,0.00,0.37,0.00
226101,2.07550,2.07550,2.07550,1.36200,0.00000,0.87105,26.7073,1,1,0.00,0.37,0.00
226261,2.07550,2.07550,2.07550,1.36200,0.00000,0.87105,26.7096,1,1,0.00,0.37,0.00
226403,2.07550,2.07550,2.07550,1.36200,0.00000,0.87105,26.7084,1,1,0.00,0.37,0.00
226542,2.07550,2.07550,2.07550,1.36200,0.00000,0.87105,26.7073,1,1,0.00,0.37,0.00
226689,2.07550,2.07550,2.07550,1.36187,0.00000,0.87105,26.7084,1,1,0.00,0.37,0.00
226835,2.07550,2.07550,2.07550,1.36200,0.00000,0.87105,26.7084,1,1,0.00,0.37,0.00
226974,2.07550,2.07550,2.07550,1.36200,0.00000,0.87105,26.7096,1,1,0.00,0.36,0.00
227116,2.07538,2.07538,2.07538,1.36213,0.00000,0.87103,26.7084,1,1,0.00,0.37,0.00
227388,2.07550,2.07550,2.07550,1.36213,0.00000,0.87105,26.7096,1,1,0.00,0.37,0.00
227529,2.07538,2.07538,2.07538,1.36200,0.00000,0.87103,26.7096,1,1,0.00,0.37,0.00
227673,2.07550,2.07550,2.07550,1.36200,0.00000,0.87105,26.7096,1,1,0.00,0.37,0.00
227826,2.07538,2.07538,2.07538,1.36213,0.00000,0.87103,26.7084,1,1,0.00,0.37,0.00
227968,2.07550,2.07550,2.07550,1.36200,0.00000,0.87105,26.7096,1,1,0.00,0.37,0.00
228115,2.07538,2.07538,2.07538,1.36200,0.00000,0.87103,26.7107,1,1,0.00,0.37,0.00
228260,2.07550,2.07550,2.07550,1.36200,0.00000,0.87105,26.7107,1,1,0.00,0.37,0.00
228402,2.07550,2.07550,2.07550,1.36200,0.00000,0.87105,26.7084,1,1,0.00,0.37,0.00
228549,2.07550,2.07550,2.07550,1.36200,0.00000,0.87105,26.7096,1,1,0.00,0.37,0.00
228699,2.07538,2.07538,2.07538,1.36213,0.00000,0.87103,26.7107,1,1,0.00,0.37,0.00
228843,2.07550,2.07550,2.07550,1.36200,0.00000,0.87105,26.7096,1,1,0.00,0.37,0.00
228986,2.07538,2.07538,2.07538,1.36200,0.00000,0.87103,26.7096,1,1,0.00,0.37,0.00
229126,2.07550,2.07550,2.07550,1.36200,0.00000,0.87105,26.7107,1,1,0.00,0.37,0.00
229276,2.07538,2.07538,2.07538,1.36200,0.00000,0.87103,26.7107,1,1,0.00,0.37,0.00
229419,2.07538,2.07538,2.07538,1.36200,0.00000,0.87103,26.7096,1,1,0.00,0.37,0.00
229565,2.07538,2.07538,2.07538,1.36200,0.00000,0.87103,26.7107,1,1,0.00,0.37,0.00
229718,2.07538,2.07538,2.07538,1.36200,0.00000,0.87103,26.7107,1,1,0.00,0.37,0.00
229857,2.07538,2.07538,2.07538,1.36200,0.00000,0.87103,26.7096,1,1,0.00,0.37,0.00
229999,2.07538,2.07538,2.07538,1.36187,0.00000,0.87103,26.7107,1,1,0.00,0.37,0.00
230146,2.07538,2.07538,2.07538,1.36200,0.00000,0.87103,26.7107,1,1,0.00,0.37,0.00
230291,2.07538,2.07538,2.07538,1.36200,0.00000,0.87103,26.7107,1,1,0.00,0.37,0.00
230441,2.07538,2.07538,2.07538,1.36213,0.00000,0.87103,26.7096,1,1,0.00,0.37,0.00
230584,2.07538,2.07538,2.07538,1.36213,0.00000,0.87103,26.7107,1,1,0.00,0.37,0.00
230730,2.07538,2.07538,2.07538,1.36200,0.00000,0.87103,26.7118,1,1,0.00,0.37,0.00
230874,2.07538,2.07538,2.07538,1.36187,0.00000,0.87103,26.7107,1,1,0.00,0.37,0.00
231017,2.07538,2.07538,2.07538,1.36200,0.00000,0.87103,26.7107,1,1,0.00,0.37,0.00
231157,2.07538,2.07538,2.07538,1.36213,0.00000,0.87103,26.7118,1,1,0.00,0.37,0.00
231315,2.07538,2.07538,2.07538,1.36200,0.00000,0.87103,26.7118,1,1,0.00,0.37,0.00
231454,2.07538,2.07538,2.07538,1.36175,0.00000,0.87103,26.7107,1,1,0.00,0.37,0.00
231596,2.07538,2.07538,2.07538,1.36213,0.00000,0.87103,26.7107,1,1,0.00,0.37,0.00
231749,2.07538,2.07538,2.07538,1.36200,0.00000,0.87103,26.7096,1,1,0.00,0.37,0.00
232009,2.07538,2.07538,2.07538,1.36200,0.00000,0.87103,26.7107,1,1,0.00,0.37,0.00
232158,2.07538,2.07538,2.07538,1.36200,0.00000,0.87103,26.7107,1,1,0.00,0.37,0.00
232306,2.07538,2.07538,2.07538,1.36200,0.00000,0.87103,26.7118,1,1,0.00,0.37,0.00
232451,2.07538,2.07538,2.07538,1.36200,0.00000,0.87103,26.7107,1,1,0.00,0.37,0.00
232597,2.07538,2.07538,2.07538,1.36200,0.00000,0.87103,26.7107,1,1,0.00,0.37,0.00
232741,2.07538,2.07538,2.07538,1.36200,0.00000,0.87103,26.7118,1,1,0.00,0.37,0.00
232882,2.07538,2.07538,2.07538,1.36200,0.00000,0.87103,26.7118,1,1,0.00,0.37,0.00
233029,2.07538,2.07538,2.07538,1.36200,0.00000,0.87103,26.7118,1,1,0.00,0.37,0.00
233167,2.07550,2.07550,2.07550,1.36200,0.00000,0.87105,26.7118,1,1,0.00,0.37,0.00
233321,2.07538,2.07538,2.07538,1.36200,0.00000,0.87103,26.7107,1,1,0.00,0.37,0.00
233464,2.07538,2.07538,2.07538,1.36213,0.00000,0.87103,26.7118,1,1,0.00,0.37,0.00
233604,2.07538,2.07538,2.07538,1.36200,0.00000,0.87103,26.7118,1,1,0.00,0.37,0.00
233753,2.07538,2.07538,2.07538,1.36200,0.00000,0.87103,26.7130,1,1,0.00,0.37,0.00
233895,2.07538,2.07538,2.07538,1.36200,0.00000,0.87103,26.7107,1,1,0.00,0.37,0.00
234035,2.07538,2.07538,2.07538,1.36200,0.00000,0.87103,26.7118,1,1,0.00,0.37,0.00
234192,2.07538,2.07538,2.07538,1.36213,0.00000,0.87103,26.7107,1,1,0.00,0.37,0.00
234330,2.07538,2.07538,2.07538,1.36200,0.00000,0.87103,26.7107,1,1,0.00,0.37,0.00
234471,2.07525,2.07525,2.07525,1.36200,0.00000,0.87100,26.7107,1,1,0.00,0.37,0.00
234617,2.07525,2.07525,2.07525,1.36200,0.00000,0.87100,26.7107,1,1,0.00,0.37,0.00
234761,2.07525,2.07525,2.07525,1.36200,0.00000,0.87100,26.7118,1,1,0.00,0.36,0.00
234902,2.07525,2.07525,2.07525,1.36200,0.00000,0.87100,26.7118,1,1,0.00,0.37,0.00
235052,2.07525,2.07525,2.07525,1.36200,0.00000,0.87100,26.7118,1,1,0.00,0.36,0.00
235197,2.07525,2.07525,2.07525,1.36213,0.00000,0.87100,26.7118,1,1,0.00,0.37,0.00
235341,2.07525,2.07525,2.07525,1.36200,0.00000,0.87100,26.7118,1,1,0.00,0.37,0.00
235483,2.07525,2.07525,2.07525,1.36200,0.00000,0.87100,26.7130,1,1,0.00,0.37,0.00
235623,2.07525,2.07525,2.07525,1.36200,0.00000,0.87100,26.7118,1,1,0.00,0.37,0.00
235772,2.07525,2.07525,2.07525,1.36200,0.00000,0.87100,26.7118,1,1,0.00,0.37,0.00
235918,2.07512,2.07512,2.07512,1.36200,0.00000,0.87097,26.7130,1,1,0.00,0.37,0.00
236059,2.07525,2.07525,2.07525,1.36200,0.00000,0.87100,26.7130,1,1,0.00,0.37,0.00
236211,2.07512,2.07512,2.07512,1.36200,0.00000,0.87097,26.7118,1,1,0.00,0.37,0.00
236349,2.07512,2.07512,2.07512,1.36200,0.00000,0.87097,26.7130,1,1,0.00,0.37,0.00
236490,2.07525,2.07525,2.07525,1.36200,0.00000,0.87100,26.7130,1,1,0.00,0.37,0.00
236637,2.07525,2.07525,2.07525,1.36187,0.00000,0.87100,26.7130,1,1,0.00,0.37,0.00
236786,2.07512,2.07512,2.07512,1.36187,0.00000,0.87097,26.7130,1,1,0.00,0.37,0.00
236929,2.07512,2.07512,2.07512,1.36200,0.00000,0.87097,26.7130,1,1,0.00,0.37,0.00
237071,2.07512,2.07512,2.07512,1.36200,0.00000,0.87097,26.7130,1,1,0.00,0.37,0.00
237216,2.07512,2.07512,2.07512,1.36200,0.00000,0.87097,26.7130,1,1,0.00,0.37,0.00
237359,2.07512,2.07512,2.07512,1.36200,0.00000,0.87097,26.7130,1,1,0.00,0.37,0.00
237501,2.07512,2.07512,2.07512,1.36200,0.00000,0.87097,26.7130,1,1,0.00,0.37,0.00
237641,2.07512,2.07512,2.07512,1.36200,0.00000,0.87097,26.7130,1,1,0.00,0.37,0.00
237798,2.07512,2.07512,2.07512,1.36200,0.00000,0.87097,26.7130,1,1,0.00,0.37,0.00
237936,2.07512,2.07512,2.07512,1.36200,0.00000,0.87097,26.7130,1,1,0.00,0.37,0.00
238077,2.07512,2.07512,2.07512,1.36200,0.00000,0.87097,26.7130,1,1,0.00,0.37,0.00
238229,2.07512,2.07512,2.07512,1.36213,0.00000,0.87097,26.7118,1,1,0.00,0.37,0.00
238367,2.07512,2.07512,2.07512,1.36200,0.00000,0.87097,26.7141,1,1,0.00,0.37,0.00
238508,2.07512,2.07512,2.07512,1.36200,0.00000,0.87097,26.7130,1,1,0.00,0.37,0.00
238658,2.07512,2.07512,2.07512,1.36200,0.00000,0.87097,26.7130,1,1,0.00,0.37,0.00
238803,2.07512,2.07512,2.07512,1.36200,0.00000,0.87097,26.7130,1,1,0.00,0.37,0.00
238947,2.07512,2.07512,2.07512,1.36200,0.00000,0.87097,26.7141,1,1,0.00,0.37,0.00
239089,2.07512,2.07512,2.07512,1.36187,0.00000,0.87097,26.7141,1,1,0.00,0.37,0.00
239234,2.07512,2.07512,2.07512,1.36200,0.00000,0.87097,26.7130,1,1,0.00,0.36,0.00
239378,2.07512,2.07512,2.07512,1.36187,0.00000,0.87097,26.7130,1,1,0.00,0.37,0.00
239524,2.07512,2.07512,2.07512,1.36200,0.00000,0.87097,26.7141,1,1,0.00,0.37,0.00
239665,2.07500,2.07500,2.07500,1.36200,0.00000,0.87095,26.7130,1,1,0.00,0.37,0.00
239817,2.07500,2.07500,2.07500,1.36200,0.00000,0.87095,26.7130,1,1,0.00,0.37,0.00
239955,2.07512,2.07512,2.07512,1.36200,0.00000,0.87097,26.7153,1,1,0.00,0.37,0.00
240096,2.07512,2.07512,2.07512,1.36200,0.00000,0.87097,26.7130,1,1,0.00,0.37,0.00
240248,2.07500,2.07500,2.07500,1.36200,0.00000,0.87095,26.7130,1,1,0.00,0.37,0.00
240391,2.07512,2.07512,2.07512,1.36213,0.00000,0.87097,26.7130,1,1,0.00,0.37,0.00
240535,2.07500,2.07500,2.07500,1.36200,0.00000,0.87095,26.7141,1,1,0.00,0.36,0.00
240677,2.07500,2.07500,2.07500,1.36200,0.00000,0.87095,26.7130,1,1,0.00,0.36,0.00
240822,2.07500,2.07500,2.07500,1.36200,0.00000,0.87095,26.7141,1,1,0.00,0.37,0.00
240966,2.07500,2.07500,2.07500,1.36200,0.00000,0.87095,26.7153,1,1,0.00,0.36,0.00
241108,2.07512,2.07512,2.07512,1.36200,0.00000,0.87097,26.7141,1,1,0.00,0.37,0.00
241258,2.07500,2.07500,2.07500,1.36187,0.00000,0.87095,26.7130,1,1,0.00,0.36,0.00
241404,2.07500,2.07500,2.07500,1.36187,0.00000,0.87095,26.7141,1,1,0.00,0.37,0.00
241542,2.07500,2.07500,2.07500,1.36187,0.00000,0.87095,26.7153,1,1,0.00,0.37,0.00
241689,2.07500,2.07500,2.07500,1.36200,0.00000,0.87095,26.7141,1,1,0.00,0.37,0.00
241835,2.07500,2.07500,2.07500,1.36200,0.00000,0.87095,26.7141,1,1,0.00,0.37,0.00
241983,2.07037,2.07037,2.07037,1.36200,0.00000,0.86998,26.7141,1,2,0.29,0.00,0.00
242132,2.08575,2.08575,2.08575,1.36187,0.00000,0.87319,26.7141,1,2,0.29,0.00,0.00
242280,2.09587,2.09587,2.09587,1.36200,0.00000,0.87529,26.7141,1,2,0.29,0.00,0.00
242420,2.10175,2.10175,2.10175,1.36200,0.00000,0.87651,26.7141,1,2,0.29,0.00,0.00
242564,2.10575,2.10575,2.10575,1.36200,0.00000,0.87734,26.7141,1,2,0.29,0.00,0.00
242712,2.10837,2.10837,2.10837,1.36200,0.00000,0.87788,26.7153,1,2,0.29,0.00,0.00
242973,2.11125,2.11125,2.11125,1.36200,0.00000,0.87847,26.7141,1,2,0.29,0.00,0.00
243120,2.11225,2.11225,2.11225,1.36200,0.00000,0.87867,26.7141,1,2,0.29,0.00,0.00
243269,2.11300,2.11300,2.11300,1.36200,0.00000,0.87883,26.7153,1,2,0.29,0.00,0.00
243413,2.11350,2.11350,2.11350,1.36200,0.00000,0.87893,26.7153,1,2,0.29,0.00,0.00
243556,2.11400,2.11400,2.11400,1.36187,0.00000,0.87903,26.7141,1,2,0.29,0.00,0.00
243702,2.11437,2.11437,2.11437,1.36187,0.00000,0.87911,26.7141,1,2,0.29,0.00,0.00
243846,2.11463,2.11463,2.11463,1.36213,0.00000,0.87916,26.7153,1,2,0.29,0.00,0.00
243988,2.11475,2.11475,2.11475,1.36200,0.00000,0.87919,26.7153,1,2,0.29,0.00,0.00
244133,2.11500,2.11500,2.11500,1.36200,0.00000,0.87924,26.7153,1,2,0.29,0.00,0.00
244285,2.11525,2.11525,2.11525,1.36200,0.00000,0.87929,26.7153,1,2,0.29,0.00,0.00
244424,2.11538,2.11538,2.11538,1.36200,0.00000,0.87932,26.7153,1,2,0.29,0.00,0.00
244565,2.11550,2.11550,2.11550,1.36200,0.00000,0.87934,26.7153,1,2,0.29,0.00,0.00
244717,2.11562,2.11562,2.11562,1.36200,0.00000,0.87937,26.7153,1,2,0.29,0.00,0.00
244856,2.11562,2.11562,2.11562,1.36200,0.00000,0.87937,26.7153,1,2,0.29,0.00,0.00
245005,2.11575,2.11575,2.11575,1.36187,0.00000,0.87939,26.7153,1,2,0.29,0.00,0.00
245148,2.11587,2.11587,2.11587,1.36200,0.00000,0.87942,26.7153,1,2,0.29,0.00,0.00
245293,2.11600,2.11600,2.11600,1.36200,0.00000,0.87944,26.7153,1,2,0.29,0.00,0.00
245437,2.11600,2.11600,2.11600,1.36187,0.00000,0.87944,26.7153,1,2,0.29,0.00,0.00
245580,2.11613,2.11613,2.11613,1.36200,0.00000,0.87947,26.7153,1,2,0.29,0.00,0.00
245725,2.11613,2.11613,2.11613,1.36200,0.00000,0.87947,26.7164,1,2,0.29,0.00,0.00
245877,2.11625,2.11625,2.11625,1.36187,0.00000,0.87950,26.7153,1,2,0.29,0.00,0.00
246016,2.11613,2.11613,2.11613,1.36200,0.00000,0.87947,26.7153,1,2,0.29,0.00,0.00
246157,2.11637,2.11637,2.11637,1.36200,0.00000,0.87952,26.7164,1,2,0.29,0.00,0.00
246309,2.11637,2.11637,2.11637,1.36200,0.00000,0.87952,26.7164,1,2,0.29,0.00,0.00
246448,2.11637,2.11637,2.11637,1.36187,0.00000,0.87952,26.7153,1,2,0.29,0.00,0.00
246589,2.11650,2.11650,2.11650,1.36200,0.00000,0.87955,26.7164,1,2,0.29,0.00,0.00
246745,2.11637,2.11637,2.11637,1.36200,0.00000,0.87952,26.7164,1,2,0.29,0.00,0.00
246885,2.11650,2.11650,2.11650,1.36200,0.00000,0.87955,26.7164,1,2,0.29,0.00,0.00
247029,2.11650,2.11650,2.11650,1.36200,0.00000,0.87955,26.7164,1,2,0.29,0.00,0.00
247172,2.11662,2.11662,2.11662,1.36200,0.00000,0.87957,26.7164,1,2,0.29,0.00,0.00
247317,2.11662,2.11662,2.11662,1.36200,0.00000,0.87957,26.7164,1,2,0.29,0.00,0.00
247461,2.11662,2.11662,2.11662,1.36200,0.00000,0.87957,26.7164,1,2,0.29,0.00,0.00
247608,2.11662,2.11662,2.11662,1.36200,0.00000,0.87957,26.7164,1,2,0.29,0.00,0.00
247755,2.11662,2.11662,2.11662,1.36200,0.00000,0.87957,26.7175,1,2,0.29,0.00,0.00
247902,2.11675,2.11675,2.11675,1.36200,0.00000,0.87960,26.7164,1,2,0.29,0.00,0.00
248041,2.11675,2.11675,2.11675,1.36187,0.00000,0.87960,26.7164,1,2,0.29,0.00,0.00
248188,2.11675,2.11675,2.11675,1.36200,0.00000,0.87960,26.7164,1,2,0.29,0.00,0.00
248335,2.11675,2.11675,2.11675,1.36187,0.00000,0.87960,26.7164,1,2,0.29,0.00,0.00
248474,2.11687,2.11687,2.11687,1.36200,0.00000,0.87962,26.7175,1,2,0.29,0.00,0.00
248623,2.11700,2.11700,2.11700,1.36200,0.00000,0.87965,26.7164,1,2,0.29,0.00,0.00
248771,2.11687,2.11687,2.11687,1.36187,0.00000,0.87962,26.7175,1,2,0.29,0.00,0.00
248911,2.11700,2.11700,2.11700,1.36200,0.00000,0.87965,26.7175,1,2,0.29,0.00,0.00
249055,2.11700,2.11700,2.11700,1.36175,0.00000,0.87965,26.7175,1,2,0.29,0.00,0.00
249203,2.11712,2.11712,2.11712,1.36200,0.00000,0.87968,26.7175,1,2,0.29,0.00,0.00
249343,2.11712,2.11712,2.11712,1.36200,0.00000,0.87968,26.7175,1,2,0.29,0.00,0.00
249495,2.11712,2.11712,2.11712,1.36187,0.00000,0.87968,26.7175,1,2,0.29,0.00,0.00
249634,2.11712,2.11712,2.11712,1.36200,0.00000,0.87968,26.7175,1,2,0.29,0.00,0.00
249781,2.11712,2.11712,2.11712,1.36200,0.00000,0.87968,26.7175,1,2,0.29,0.00,0.00
250048,2.11725,2.11725,2.11725,1.36200,0.00000,0.87970,26.7175,1,2,0.29,0.00,0.00
250193,2.11725,2.11725,2.11725,1.36187,0.00000,0.87970,26.7175,1,2,0.29,0.00,0.00
250336,2.11725,2.11725,2.11725,1.36213,0.00000,0.87970,26.7175,1,2,0.29,0.00,0.00
250482,2.11725,2.11725,2.11725,1.36200,0.00000,0.87970,26.7175,1,2,0.29,0.00,0.00
250623,2.11737,2.11737,2.11737,1.36200,0.00000,0.87973,26.7175,1,2,0.29,0.00,0.00
250775,2.11725,2.11725,2.11725,1.36200,0.00000,0.87970,26.7175,1,2,0.29,0.00,0.00
250913,2.11737,2.11737,2.11737,1.36213,0.00000,0.87973,26.7175,1,2,0.29,0.00,0.00
251054,2.11725,2.11725,2.11725,1.36187,0.00000,0.87970,26.7187,1,2,0.29,0.00,0.00
251206,2.11737,2.11737,2.11737,1.36187,0.00000,0.87973,26.7175,1,2,0.29,0.00,0.00
251349,2.11737,2.11737,2.11737,1.36200,0.00000,0.87973,26.7175,1,2,0.29,0.00,0.00
251492,2.11737,2.11737,2.11737,1.36200,0.00000,0.87973,26.7187,1,2,0.29,0.00,0.00
251634,2.11737,2.11737,2.11737,1.36200,0.00000,0.87973,26.7187,1,2,0.29,0.00,0.00
251779,2.11737,2.11737,2.11737,1.36187,0.00000,0.87973,26.7187,1,2,0.29,0.00,0.00
251922,2.11737,2.11737,2.11737,1.36200,0.00000,0.87973,26.7175,1,2,0.29,0.00,0.00
252076,2.11750,2.11750,2.11750,1.36200,0.00000,0.87975,26.7175,1,2,0.29,0.00,0.00
252226,2.11750,2.11750,2.11750,1.36187,0.00000,0.87975,26.7187,1,2,0.29,0.00,0.00
252366,2.11750,2.11750,2.11750,1.36200,0.00000,0.87975,26.7187,1,2,0.29,0.00,0.00
252510,2.11750,2.11750,2.11750,1.36200,0.00000,0.87975,26.7187,1,2,0.29,0.00,0.00
252652,2.11750,2.11750,2.11750,1.36187,0.00000,0.87975,26.7175,1,2,0.29,0.00,0.00
252797,2.11750,2.11750,2.11750,1.36200,0.00000,0.87975,26.7187,1,2,0.29,0.00,0.00
252940,2.11750,2.11750,2.11750,1.36187,0.00000,0.87975,26.7187,1,2,0.29,0.00,0.00
253086,2.11750,2.11750,2.11750,1.36187,0.00000,0.87975,26.7187,1,2,0.29,0.00,0.00
253232,2.11762,2.11762,2.11762,1.36200,0.00000,0.87978,26.7187,1,2,0.29,0.00,0.00
253379,2.11762,2.11762,2.11762,1.36187,0.00000,0.87978,26.7187,1,2,0.29,0.00,0.00
253517,2.11762,2.11762,2.11762,1.36200,0.00000,0.87978,26.7187,1,2,0.29,0.00,0.00
253658,2.11762,2.11762,2.11762,1.36200,0.00000,0.87978,26.7187,1,2,0.29,0.00,0.00
253810,2.11762,2.11762,2.11762,1.36200,0.00000,0.87978,26.7187,1,2,0.29,0.00,0.00
253948,2.11775,2.11775,2.11775,1.36187,0.00000,0.87980,26.7187,1,2,0.29,0.00,0.00
254097,2.11775,2.11775,2.11775,1.36200,0.00000,0.87980,26.7187,1,2,0.29,0.00,0.00
254245,2.11762,2.11762,2.11762,1.36187,0.00000,0.87978,26.7198,1,2,0.29,0.00,0.00
254385,2.11775,2.11775,2.11775,1.36200,0.00000,0.87980,26.7187,1,2,0.29,0.00,0.00
254529,2.11775,2.11775,2.11775,1.36200,0.00000,0.87980,26.7198,1,2,0.29,0.00,0.00
254671,2.11775,2.11775,2.11775,1.36187,0.00000,0.87980,26.7187,1,2,0.29,0.00,0.00
254816,2.11787,2.11787,2.11787,1.36187,0.00000,0.87983,26.7187,1,2,0.29,0.00,0.00
254968,2.11775,2.11775,2.11775,1.36187,0.00000,0.87980,26.7187,1,2,0.29,0.00,0.00
255110,2.11787,2.11787,2.11787,1.36187,0.00000,0.87983,26.7198,1,2,0.29,0.00,0.00
255256,2.11787,2.11787,2.11787,1.36200,0.00000,0.87983,26.7198,1,2,0.29,0.00,0.00
255403,2.11787,2.11787,2.11787,1.36187,0.00000,0.87983,26.7198,1,2,0.29,0.00,0.00
255541,2.11787,2.11787,2.11787,1.36187,0.00000,0.87983,26.7198,1,2,0.29,0.00,0.00
255682,2.11787,2.11787,2.11787,1.36200,0.00000,0.87983,26.7198,1,2,0.29,0.00,0.00
255838,2.11800,2.11800,2.11800,1.36200,0.00000,0.87986,26.7187,1,2,0.29,0.00,0.00
255978,2.11800,2.11800,2.11800,1.36187,0.00000,0.87986,26.7198,1,2,0.29,0.00,0.00
256122,2.11800,2.11800,2.11800,1.36187,0.00000,0.87986,26.7198,1,2,0.29,0.00,0.00
256270,2.11800,2.11800,2.11800,1.36200,0.00000,0.87986,26.7198,1,2,0.29,0.00,0.00
256410,2.11800,2.11800,2.11800,1.36200,0.00000,0.87986,26.7198,1,2,0.29,0.00,0.00
256553,2.11812,2.11812,2.11812,1.36187,0.00000,0.87988,26.7210,1,2,0.29,0.00,0.00
256705,2.11812,2.11812,2.11812,1.36200,0.00000,0.87988,26.7198,1,2,0.29,0.00,0.00
256846,2.11812,2.11812,2.11812,1.36200,0.00000,0.87988,26.7198,1,2,0.29,0.00,0.00
256992,2.11812,2.11812,2.11812,1.36187,0.00000,0.87988,26.7210,1,2,0.29,0.00,0.00
257130,2.11825,2.11825,2.11825,1.36187,0.00000,0.87991,26.7198,1,2,0.29,0.00,0.00
257276,2.11812,2.11812,2.11812,1.36187,0.00000,0.87988,26.7198,1,2,0.29,0.00,0.00
257423,2.11812,2.11812,2.11812,1.36187,0.00000,0.87988,26.7198,1,2,0.29,0.00,0.00
257567,2.11825,2.11825,2.11825,1.36200,0.00000,0.87991,26.7198,1,2,0.29,0.00,0.00
257716,2.11825,2.11825,2.11825,1.36200,0.00000,0.87991,26.7210,1,2,0.29,0.00,0.00
257858,2.11825,2.11825,2.11825,1.36187,0.00000,0.87991,26.7210,1,2,0.29,0.00,0.00
257998,2.11825,2.11825,2.11825,1.36187,0.00000,0.87991,26.7210,1,2,0.29,0.00,0.00
258142,2.11825,2.11825,2.11825,1.36200,0.00000,0.87991,26.7210,1,2,0.29,0.00,0.00
258290,2.11825,2.11825,2.11825,1.36187,0.00000,0.87991,26.7210,1,2,0.29,0.00,0.00
258559,2.11825,2.11825,2.11825,1.36187,0.00000,0.87991,26.7210,1,2,0.29,0.00,0.00
258707,2.11837,2.11837,2.11837,1.36187,0.00000,0.87993,26.7198,1,2,0.29,0.00,0.00
258847,2.11825,2.11825,2.11825,1.36187,0.00000,0.87991,26.7210,1,2,0.29,0.00,0.00
258990,2.11825,2.11825,2.11825,1.36200,0.00000,0.87991,26.7210,1,2,0.29,0.00,0.00
259132,2.11837,2.11837,2.11837,1.36187,0.00000,0.87993,26.7210,1,2,0.29,0.00,0.00
259277,2.11837,2.11837,2.11837,1.36187,0.00000,0.87993,26.7210,1,2,0.29,0.00,0.00
259420,2.11837,2.11837,2.11837,1.36175,0.00000,0.87993,26.7210,1,2,0.29,0.00,0.00
259566,2.11850,2.11850,2.11850,1.36187,0.00000,0.87996,26.7210,1,2,0.29,0.00,0.00
259712,2.11850,2.11850,2.11850,1.36200,0.00000,0.87996,26.7221,1,2,0.29,0.00,0.00
259858,2.11850,2.11850,2.11850,1.36187,0.00000,0.87996,26.7210,1,2,0.29,0.00,0.00
259996,2.11850,2.11850,2.11850,1.36200,0.00000,0.87996,26.7210,1,2,0.29,0.00,0.00
260137,2.11850,2.11850,2.11850,1.36187,0.00000,0.87996,26.7210,1,2,0.29,0.00,0.00
260289,2.11850,2.11850,2.11850,1.36200,0.00000,0.87996,26.7221,1,2,0.29,0.00,0.00
260445,2.11850,2.11850,2.11850,1.36200,0.00000,0.87996,26.7221,1,2,0.29,0.00,0.00
260587,2.11863,2.11863,2.11863,1.36187,0.00000,0.87998,26.7221,1,2,0.29,0.00,0.00
260732,2.11863,2.11863,2.11863,1.36187,0.00000,0.87998,26.7221,1,2,0.29,0.00,0.00
260875,2.11875,2.11875,2.11875,1.36200,0.00000,0.88001,26.7221,1,2,0.29,0.00,0.00
261017,2.11863,2.11863,2.11863,1.36187,0.00000,0.87998,26.7221,1,2,0.29,0.00,0.00
261156,2.11863,2.11863,2.11863,1.36200,0.00000,0.87998,26.7221,1,2,0.29,0.00,0.00
261313,2.11863,2.11863,2.11863,1.36187,0.00000,0.87998,26.7221,1,2,0.29,0.00,0.00
261451,2.11875,2.11875,2.11875,1.36187,0.00000,0.88001,26.7221,1,2,0.29,0.00,0.00
261592,2.11863,2.11863,2.11863,1.36187,0.00000,0.87998,26.7221,1,2,0.29,0.00,0.00
261744,2.11875,2.11875,2.11875,1.36200,0.00000,0.88001,26.7221,1,2,0.29,0.00,0.00
261882,2.11875,2.11875,2.11875,1.36200,0.00000,0.88001,26.7221,1,2,0.29,0.00,0.00
262032,2.11538,2.11538,2.11538,1.36187,0.00000,0.87932,26.7232,1,3,0.00,0.17,0.00
262188,2.08687,2.08687,2.08687,1.36187,0.00000,0.87343,26.7221,1,3,0.00,0.17,0.00
262328,2.08137,2.08137,2.08137,1.36187,0.00000,0.87228,26.7221,1,3,0.00,0.17,0.00
262471,2.07900,2.07900,2.07900,1.36187,0.00000,0.87178,26.7232,1,3,0.00,0.17,0.00
262613,2.07787,2.07787,2.07787,1.36200,0.00000,0.87155,26.7232,1,3,0.00,0.17,0.00
262758,2.07725,2.07725,2.07725,1.36200,0.00000,0.87142,26.7221,1,3,0.00,0.17,0.00
262901,2.07675,2.07675,2.07675,1.36187,0.00000,0.87131,26.7221,1,3,0.00,0.17,0.00
263047,2.07650,2.07650,2.07650,1.36187,0.00000,0.87126,26.7232,1,3,0.00,0.17,0.00
263193,2.07637,2.07637,2.07637,1.36187,0.00000,0.87123,26.7232,1,3,0.00,0.17,0.00
263339,2.07625,2.07625,2.07625,1.36187,0.00000,0.87121,26.7221,1,3,0.00,0.17,0.00
263477,2.07613,2.07613,2.07613,1.36200,0.00000,0.87118,26.7232,1,3,0.00,0.17,0.00
263618,2.07613,2.07613,2.07613,1.36187,0.00000,0.87118,26.7232,1,3,0.00,0.17,0.00
263770,2.07600,2.07600,2.07600,1.36200,0.00000,0.87116,26.7232,1,3,0.00,0.17,0.00
263913,2.07600,2.07600,2.07600,1.36200,0.00000,0.87116,26.7232,1,3,0.00,0.17,0.00
264056,2.07600,2.07600,2.07600,1.36187,0.00000,0.87116,26.7232,1,3,0.00,0.17,0.00
264204,2.07600,2.07600,2.07600,1.36187,0.00000,0.87116,26.7244,1,3,0.00,0.17,0.00
264344,2.07587,2.07587,2.07587,1.36187,0.00000,0.87113,26.7232,1,3,0.00,0.17,0.00
264487,2.07587,2.07587,2.07587,1.36175,0.00000,0.87113,26.7232,1,3,0.00,0.17,0.00
264629,2.07587,2.07587,2.07587,1.36187,0.00000,0.87113,26.7232,1,3,0.00,0.17,0.00
264774,2.07600,2.07600,2.07600,1.36187,0.00000,0.87116,26.7244,1,3,0.00,0.17,0.00
264925,2.07587,2.07587,2.07587,1.36187,0.00000,0.87113,26.7232,1,3,0.00,0.17,0.00
265063,2.07587,2.07587,2.07587,1.36175,0.00000,0.87113,26.7244,1,3,0.00,0.17,0.00
265209,2.07600,2.07600,2.07600,1.36200,0.00000,0.87116,26.7232,1,3,0.00,0.17,0.00
265355,2.07587,2.07587,2.07587,1.36187,0.00000,0.87113,26.7244,1,3,0.00,0.17,0.00
265493,2.07587,2.07587,2.07587,1.36187,0.00000,0.87113,26.7244,1,3,0.00,0.17,0.00
265634,2.07587,2.07587,2.07587,1.36200,0.00000,0.87113,26.7232,1,3,0.00,0.17,0.00
265790,2.07587,2.07587,2.07587,1.36187,0.00000,0.87113,26.7244,1,3,0.00,0.17,0.00
265929,2.07587,2.07587,2.07587,1.36187,0.00000,0.87113,26.7244,1,3,0.00,0.17,0.00
266072,2.07587,2.07587,2.07587,1.36187,0.00000,0.87113,26.7232,1,3,0.00,0.17,0.00
266219,2.07587,2.07587,2.07587,1.36187,0.00000,0.87113,26.7244,1,3,0.00,0.17,0.00
266358,2.07587,2.07587,2.07587,1.36187,0.00000,0.87113,26.7232,1,3,0.00,0.17,0.00
266501,2.07587,2.07587,2.07587,1.36175,0.00000,0.87113,26.7244,1,3,0.00,0.17,0.00
266647,2.07587,2.07587,2.07587,1.36187,0.00000,0.87113,26.7244,1,3,0.00,0.17,0.00
266793,2.07587,2.07587,2.07587,1.36187,0.00000,0.87113,26.7255,1,3,0.00,0.17,0.00
266939,2.07587,2.07587,2.07587,1.36187,0.00000,0.87113,26.7244,1,3,0.00,0.17,0.00
267077,2.07575,2.07575,2.07575,1.36187,0.00000,0.87110,26.7244,1,3,0.00,0.17,0.00
267223,2.07575,2.07575,2.07575,1.36187,0.00000,0.87110,26.7244,1,3,0.00,0.17,0.00
267369,2.07575,2.07575,2.07575,1.36200,0.00000,0.87110,26.7255,1,3,0.00,0.17,0.00
267512,2.07575,2.07575,2.07575,1.36187,0.00000,0.87110,26.7255,1,3,0.00,0.17,0.00
267785,2.07575,2.07575,2.07575,1.36187,0.00000,0.87110,26.7255,1,3,0.00,0.17,0.00
268018,2.07587,2.07587,2.07587,1.36187,0.00000,0.87113,26.7244,1,3,0.00,0.17,0.00
268160,2.07575,2.07575,2.07575,1.36187,0.00000,0.87110,26.7244,1,3,0.00,0.17,0.00
268313,2.07575,2.07575,2.07575,1.36187,0.00000,0.87110,26.7255,1,3,0.00,0.17,0.00
268452,2.07575,2.07575,2.07575,1.36187,0.00000,0.87110,26.7244,1,3,0.00,0.17,0.00
268602,2.07575,2.07575,2.07575,1.36187,0.00000,0.87110,26.7255,1,3,0.00,0.17,0.00
268751,2.07575,2.07575,2.07575,1.36187,0.00000,0.87110,26.7244,1,3,0.00,0.17,0.00
268892,2.07575,2.07575,2.07575,1.36187,0.00000,0.87110,26.7255,1,3,0.00,0.17,0.00
269037,2.07575,2.07575,2.07575,1.36187,0.00000,0.87110,26.7244,1,3,0.00,0.17,0.00
269180,2.07575,2.07575,2.07575,1.36187,0.00000,0.87110,26.7244,1,3,0.00,0.17,0.00
269326,2.07575,2.07575,2.07575,1.36187,0.00000,0.87110,26.7255,1,3,0.00,0.17,0.00
269479,2.07575,2.07575,2.07575,1.36200,0.00000,0.87110,26.7244,1,3,0.00,0.17,0.00
269618,2.07575,2.07575,2.07575,1.36187,0.00000,0.87110,26.7255,1,3,0.00,0.17,0.00
269765,2.07575,2.07575,2.07575,1.36200,0.00000,0.87110,26.7255,1,3,0.00,0.17,0.00
269913,2.07575,2.07575,2.07575,1.36187,0.00000,0.87110,26.7244,1,3,0.00,0.17,0.00
270052,2.07562,2.07562,2.07562,1.36187,0.00000,0.87108,26.7244,1,3,0.00,0.17,0.00
270199,2.07562,2.07562,2.07562,1.36175,0.00000,0.87108,26.7255,1,3,0.00,0.17,0.00
270347,2.07575,2.07575,2.07575,1.36187,0.00000,0.87110,26.7267,1,3,0.00,0.17,0.00
270492,2.07575,2.07575,2.07575,1.36200,0.00000,0.87110,26.7255,1,3,0.00,0.17,0.00
270637,2.07575,2.07575,2.07575,1.36187,0.00000,0.87110,26.7255,1,3,0.00,0.17,0.00
270786,2.07575,2.07575,2.07575,1.36187,0.00000,0.87110,26.7255,1,3,0.00,0.17,0.00
270927,2.07575,2.07575,2.07575,1.36175,0.00000,0.87110,26.7267,1,3,0.00,0.17,0.00
271071,2.07575,2.07575,2.07575,1.36187,0.00000,0.87110,26.7255,1,3,0.00,0.17,0.00
271220,2.07575,2.07575,2.07575,1.36187,0.00000,0.87110,26.7267,1,3,0.00,0.17,0.00
271366,2.07575,2.07575,2.07575,1.36187,0.00000,0.87110,26.7255,1,3,0.00,0.17,0.00
271514,2.07575,2.07575,2.07575,1.36187,0.00000,0.87110,26.7255,1,3,0.00,0.17,0.00
271653,2.07575,2.07575,2.07575,1.36187,0.00000,0.87110,26.7267,1,3,0.00,0.17,0.00
271800,2.07575,2.07575,2.07575,1.36187,0.00000,0.87110,26.7255,1,3,0.00,0.17,0.00
271947,2.07575,2.07575,2.07575,1.36187,0.00000,0.87110,26.7267,1,3,0.00,0.17,0.00
272086,2.07575,2.07575,2.07575,1.36200,0.00000,0.87110,26.7278,1,3,0.00,0.17,0.00
272242,2.07575,2.07575,2.07575,1.36187,0.00000,0.87110,26.7267,1,3,0.00,0.17,0.00
272385,2.07587,2.07587,2.07587,1.36175,0.00000,0.87113,26.7255,1,3,0.00,0.17,0.00
272526,2.07575,2.07575,2.07575,1.36187,0.00000,0.87110,26.7267,1,3,0.00,0.17,0.00
272671,2.07600,2.07600,2.07600,1.36200,0.00000,0.87116,26.7267,1,3,0.00,0.17,0.00
272820,2.07587,2.07587,2.07587,1.36200,0.00000,0.87113,26.7255,1,3,0.00,0.17,0.00
272961,2.07587,2.07587,2.07587,1.36187,0.00000,0.87113,26.7267,1,3,0.00,0.17,0.00
273114,2.07587,2.07587,2.07587,1.36187,0.00000,0.87113,26.7267,1,3,0.00,0.17,0.00
273259,2.07600,2.07600,2.07600,1.36175,0.00000,0.87116,26.7267,1,3,0.00,0.17,0.00
273401,2.07600,2.07600,2.07600,1.36200,0.00000,0.87116,26.7267,1,3,0.00,0.17,0.00
273548,2.07600,2.07600,2.07600,1.36187,0.00000,0.87116,26.7278,1,3,0.00,0.17,0.00
273693,2.07613,2.07613,2.07613,1.36187,0.00000,0.87118,26.7278,1,3,0.00,0.17,0.00
273835,2.07600,2.07600,2.07600,1.36187,0.00000,0.87116,26.7278,1,3,0.00,0.17,0.00
274106,2.07613,2.07613,2.07613,1.36187,0.00000,0.87118,26.7278,1,3,0.00,0.17,0.00
274253,2.07613,2.07613,2.07613,1.36187,0.00000,0.87118,26.7267,1,3,0.00,0.17,0.00
274400,2.07613,2.07613,2.07613,1.36187,0.00000,0.87118,26.7278,1,3,0.00,0.17,0.00
274539,2.07613,2.07613,2.07613,1.36187,0.00000,0.87118,26.7278,1,3,0.00,0.17,0.00
274681,2.07625,2.07625,2.07625,1.36187,0.00000,0.87121,26.7267,1,3,0.00,0.17,0.00
274833,2.07625,2.07625,2.07625,1.36200,0.00000,0.87121,26.7278,1,3,0.00,0.17,0.00
274977,2.07625,2.07625,2.07625,1.36187,0.00000,0.87121,26.7278,1,3,0.00,0.17,0.00
275121,2.07625,2.07625,2.07625,1.36200,0.00000,0.87121,26.7289,1,3,0.00,0.17,0.00
275269,2.07625,2.07625,2.07625,1.36187,0.00000,0.87121,26.7278,1,3,0.00,0.17,0.00
275409,2.07637,2.07637,2.07637,1.36187,0.00000,0.87123,26.7278,1,3,0.00,0.17,0.00
275553,2.07637,2.07637,2.07637,1.36200,0.00000,0.87123,26.7278,1,3,0.00,0.17,0.00
275701,2.07637,2.07637,2.07637,1.36200,0.00000,0.87123,26.7278,1,3,0.00,0.17,0.00
275841,2.07650,2.07650,2.07650,1.36187,0.00000,0.87126,26.7278,1,3,0.00,0.17,0.00
275993,2.07650,2.07650,2.07650,1.36187,0.00000,0.87126,26.7301,1,3,0.00,0.17,0.00
276132,2.07650,2.07650,2.07650,1.36175,0.00000,0.87126,26.7289,1,3,0.00,0.17,0.00
276279,2.07650,2.07650,2.07650,1.36187,0.00000,0.87126,26.7289,1,3,0.00,0.17,0.00
276426,2.07662,2.07662,2.07662,1.36200,0.00000,0.87129,26.7289,1,3,0.00,0.17,0.00
276565,2.07662,2.07662,2.07662,1.36175,0.00000,0.87129,26.7289,1,3,0.00,0.17,0.00
276712,2.07662,2.07662,2.07662,1.36187,0.00000,0.87129,26.7289,1,3,0.00,0.17,0.00
276863,2.07675,2.07675,2.07675,1.36187,0.00000,0.87131,26.7278,1,3,0.00,0.17,0.00
277003,2.07675,2.07675,2.07675,1.36187,0.00000,0.87131,26.7278,1,3,0.00,0.17,0.00
277147,2.07675,2.07675,2.07675,1.36200,0.00000,0.87131,26.7289,1,3,0.00,0.17,0.00
277295,2.07688,2.07688,2.07688,1.36187,0.00000,0.87134,26.7289,1,3,0.00,0.17,0.00
277435,2.07688,2.07688,2.07688,1.36187,0.00000,0.87134,26.7278,1,3,0.00,0.17,0.00
277579,2.07688,2.07688,2.07688,1.36187,0.00000,0.87134,26.7289,1,3,0.00,0.17,0.00
277743,2.07688,2.07688,2.07688,1.36200,0.00000,0.87134,26.7289,1,3,0.00,0.17,0.00
277885,2.07688,2.07688,2.07688,1.36187,0.00000,0.87134,26.7278,1,3,0.00,0.17,0.00
278027,2.07700,2.07700,2.07700,1.36187,0.00000,0.87137,26.7289,1,3,0.00,0.17,0.00
278173,2.07688,2.07688,2.07688,1.36200,0.00000,0.87134,26.7289,1,3,0.00,0.17,0.00
278323,2.07688,2.07688,2.07688,1.36187,0.00000,0.87134,26.7289,1,3,0.00,0.17,0.00
278465,2.07700,2.07700,2.07700,1.36187,0.00000,0.87137,26.7289,1,3,0.00,0.17,0.00
278620,2.07688,2.07688,2.07688,1.36175,0.00000,0.87134,26.7289,1,3,0.00,0.17,0.00
278766,2.07700,2.07700,2.07700,1.36200,0.00000,0.87137,26.7301,1,3,0.00,0.17,0.00
278909,2.07700,2.07700,2.07700,1.36200,0.00000,0.87137,26.7278,1,3,0.00,0.17,0.00
279058,2.07700,2.07700,2.07700,1.36187,0.00000,0.87137,26.7289,1,3,0.00,0.17,0.00
279204,2.07700,2.07700,2.07700,1.36187,0.00000,0.87137,26.7301,1,3,0.00,0.17,0.00
279347,2.07700,2.07700,2.07700,1.36200,0.00000,0.87137,26.7289,1,3,0.00,0.17,0.00
279501,2.07700,2.07700,2.07700,1.36200,0.00000,0.87137,26.7289,1,3,0.00,0.17,0.00
279643,2.07700,2.07700,2.07700,1.36187,0.00000,0.87137,26.7301,1,3,0.00,0.17,0.00
279795,2.07712,2.07712,2.07712,1.36200,0.00000,0.87139,26.7301,1,3,0.00,0.17,0.00
279940,2.07712,2.07712,2.07712,1.36187,0.00000,0.87139,26.7301,1,3,0.00,0.17,0.00
280082,2.07725,2.07725,2.07725,1.36175,0.00000,0.87142,26.7301,1,3,0.00,0.17,0.00
280234,2.07712,2.07712,2.07712,1.36187,0.00000,0.87139,26.7301,1,3,0.00,0.17,0.00
280383,2.07725,2.07725,2.07725,1.36187,0.00000,0.87142,26.7301,1,3,0.00,0.17,0.00
280526,2.07725,2.07725,2.07725,1.36200,0.00000,0.87142,26.7301,1,3,0.00,0.17,0.00
280675,2.07725,2.07725,2.07725,1.36187,0.00000,0.87142,26.7301,1,3,0.00,0.17,0.00
280821,2.07725,2.07725,2.07725,1.36200,0.00000,0.87142,26.7312,1,3,0.00,0.17,0.00
280964,2.07725,2.07725,2.07725,1.36200,0.00000,0.87142,26.7312,1,3,0.00,0.17,0.00
281113,2.07725,2.07725,2.07725,1.36200,0.00000,0.87142,26.7301,1,3,0.00,0.17,0.00
281259,2.07737,2.07737,2.07737,1.36187,0.00000,0.87144,26.7312,1,3,0.00,0.17,0.00
281410,2.07737,2.07737,2.07737,1.36187,0.00000,0.87144,26.7301,1,3,0.00,0.17,0.00
281555,2.07737,2.07737,2.07737,1.36200,0.00000,0.87144,26.7301,1,3,0.00,0.17,0.00
281702,2.07737,2.07737,2.07737,1.36187,0.00000,0.87144,26.7301,1,3,0.00,0.17,0.00
281848,2.07750,2.07750,2.07750,1.36175,0.00000,0.87147,26.7312,1,3,0.00,0.17,0.00
281993,2.07750,2.07750,2.07750,1.36200,0.00000,0.87147,26.7312,1,3,0.00,0.17,0.00
282135,2.07750,2.07750,2.07750,1.36187,0.00000,0.87147,26.7323,1,3,0.00,0.17,0.00
282295,2.07750,2.07750,2.07750,1.36200,0.00000,0.87147,26.7312,1,3,0.00,0.17,0.00
282436,2.07750,2.07750,2.07750,1.36187,0.00000,0.87147,26.7312,1,3,0.00,0.17,0.00
282579,2.07762,2.07762,2.07762,1.36200,0.00000,0.87150,26.7312,1,3,0.00,0.17,0.00
282733,2.07762,2.07762,2.07762,1.36200,0.00000,0.87150,26.7312,1,3,0.00,0.17,0.00
282874,2.07762,2.07762,2.07762,1.36200,0.00000,0.87150,26.7312,1,3,0.00,0.17,0.00
283017,2.07762,2.07762,2.07762,1.36187,0.00000,0.87150,26.7312,1,3,0.00,0.17,0.00
283170,2.07762,2.07762,2.07762,1.36187,0.00000,0.87150,26.7312,1,3,0.00,0.17,0.00
283317,2.07762,2.07762,2.07762,1.36200,0.00000,0.87150,26.7312,1,3,0.00,0.17,0.00
283463,2.07762,2.07762,2.07762,1.36187,0.00000,0.87150,26.7301,1,3,0.00,0.17,0.00
283608,2.07762,2.07762,2.07762,1.36187,0.00000,0.87150,26.7312,1,3,0.00,0.17,0.00
283756,2.07762,2.07762,2.07762,1.36200,0.00000,0.87150,26.7312,1,3,0.00,0.17,0.00
283902,2.07762,2.07762,2.07762,1.36200,0.00000,0.87150,26.7312,1,3,0.00,0.17,0.00
284051,2.07762,2.07762,2.07762,1.36187,0.00000,0.87150,26.7323,1,3,0.00,0.17,0.00
284200,2.07775,2.07775,2.07775,1.36187,0.00000,0.87152,26.7312,1,3,0.00,0.17,0.00
284349,2.07775,2.07775,2.07775,1.36187,0.00000,0.87152,26.7323,1,3,0.00,0.17,0.00
284490,2.07800,2.07800,2.07800,1.36200,0.00000,0.87157,26.7323,1,3,0.00,0.17,0.00
284633,2.07775,2.07775,2.07775,1.36187,0.00000,0.87152,26.7323,1,3,0.00,0.17,0.00
284788,2.07787,2.07787,2.07787,1.36187,0.00000,0.87155,26.7312,1,3,0.00,0.17,0.00
284934,2.07787,2.07787,2.07787,1.36187,0.00000,0.87155,26.7323,1,3,0.00,0.17,0.00
285080,2.07787,2.07787,2.07787,1.36187,0.00000,0.87155,26.7312,1,3,0.00,0.17,0.00
285230,2.07787,2.07787,2.07787,1.36187,0.00000,0.87155,26.7323,1,3,0.00,0.17,0.00
285372,2.07787,2.07787,2.07787,1.36187,0.00000,0.87155,26.7323,1,3,0.00,0.17,0.00
285518,2.07800,2.07800,2.07800,1.36187,0.00000,0.87157,26.7323,1,3,0.00,0.17,0.00
285663,2.07787,2.07787,2.07787,1.36187,0.00000,0.87155,26.7335,1,3,0.00,0.17,0.00
285816,2.07787,2.07787,2.07787,1.36187,0.00000,0.87155,26.7323,1,3,0.00,0.17,0.00
286085,2.07800,2.07800,2.07800,1.36187,0.00000,0.87157,26.7312,1,3,0.00,0.17,0.00
286232,2.07787,2.07787,2.07787,1.36187,0.00000,0.87155,26.7335,1,3,0.00,0.17,0.00
286378,2.07800,2.07800,2.07800,1.36187,0.00000,0.87157,26.7323,1,3,0.00,0.17,0.00
286523,2.07787,2.07787,2.07787,1.36187,0.00000,0.87155,26.7335,1,3,0.00,0.17,0.00
286665,2.07800,2.07800,2.07800,1.36187,0.00000,0.87157,26.7335,1,3,0.00,0.17,0.00
286817,2.07800,2.07800,2.07800,1.36187,0.00000,0.87157,26.7323,1,3,0.00,0.17,0.00
286966,2.07800,2.07800,2.07800,1.36187,0.00000,0.87157,26.7335,1,3,0.00,0.17,0.00
287109,2.07800,2.07800,2.07800,1.36187,0.00000,0.87157,26.7335,1,3,0.00,0.17,0.00
287264,2.07800,2.07800,2.07800,1.36187,0.00000,0.87157,26.7335,1,3,0.00,0.17,0.00
287405,2.07812,2.07812,2.07812,1.36200,0.00000,0.87160,26.7335,1,3,0.00,0.17,0.00
287548,2.07812,2.07812,2.07812,1.36187,0.00000,0.87160,26.7335,1,3,0.00,0.17,0.00
287703,2.07800,2.07800,2.07800,1.36187,0.00000,0.87157,26.7323,1,3,0.00,0.17,0.00
287849,2.07812,2.07812,2.07812,1.36187,0.00000,0.87160,26.7335,1,3,0.00,0.17,0.00
287995,2.07812,2.07812,2.07812,1.36187,0.00000,0.87160,26.7335,1,3,0.00,0.17,0.00
288140,2.07812,2.07812,2.07812,1.36187,0.00000,0.87160,26.7335,1,3,0.00,0.17,0.00
288288,2.07812,2.07812,2.07812,1.36187,0.00000,0.87160,26.7335,1,3,0.00,0.17,0.00
288434,2.07825,2.07825,2.07825,1.36187,0.00000,0.87163,26.7358,1,3,0.00,0.17,0.00
288579,2.07812,2.07812,2.07812,1.36187,0.00000,0.87160,26.7346,1,3,0.00,0.17,0.00
288732,2.07812,2.07812,2.07812,1.36187,0.00000,0.87160,26.7335,1,3,0.00,0.17,0.00
288881,2.07812,2.07812,2.07812,1.36187,0.00000,0.87160,26.7335,1,3,0.00,0.17,0.00
289022,2.07825,2.07825,2.07825,1.36187,0.00000,0.87163,26.7335,1,3,0.00,0.17,0.00
289165,2.07825,2.07825,2.07825,1.36187,0.00000,0.87163,26.7335,1,3,0.00,0.17,0.00
289320,2.07825,2.07825,2.07825,1.36187,0.00000,0.87163,26.7335,1,3,0.00,0.17,0.00
289461,2.07837,2.07837,2.07837,1.36187,0.00000,0.87165,26.7335,1,3,0.00,0.17,0.00
289613,2.07837,2.07837,2.07837,1.36200,0.00000,0.87165,26.7335,1,3,0.00,0.17,0.00
289883,2.07837,2.07837,2.07837,1.36187,0.00000,0.87165,26.7346,1,3,0.00,0.17,0.00
290027,2.07837,2.07837,2.07837,1.36187,0.00000,0.87165,26.7346,1,3,0.00,0.17,0.00
290176,2.07837,2.07837,2.07837,1.36187,0.00000,0.87165,26.7335,1,3,0.00,0.17,0.00
290322,2.07837,2.07837,2.07837,1.36175,0.00000,0.87165,26.7346,1,3,0.00,0.17,0.00
290466,2.07837,2.07837,2.07837,1.36187,0.00000,0.87165,26.7346,1,3,0.00,0.17,0.00
290620,2.07850,2.07850,2.07850,1.36200,0.00000,0.87168,26.7346,1,3,0.00,0.17,0.00
290768,2.07850,2.07850,2.07850,1.36187,0.00000,0.87168,26.7346,1,3,0.00,0.17,0.00
290914,2.07837,2.07837,2.07837,1.36187,0.00000,0.87165,26.7346,1,3,0.00,0.17,0.00
291059,2.07850,2.07850,2.07850,1.36187,0.00000,0.87168,26.7346,1,3,0.00,0.17,0.00
291207,2.07850,2.07850,2.07850,1.36187,0.00000,0.87168,26.7346,1,3,0.00,0.17,0.00
291353,2.07850,2.07850,2.07850,1.36187,0.00000,0.87168,26.7358,1,3,0.00,0.17,0.00
291503,2.07862,2.07862,2.07862,1.36200,0.00000,0.87171,26.7346,1,3,0.00,0.17,0.00
291647,2.07862,2.07862,2.07862,1.36187,0.00000,0.87171,26.7346,1,3,0.00,0.17,0.00
291802,2.07850,2.07850,2.07850,1.36200,0.00000,0.87168,26.7346,1,3,0.00,0.17,0.00
