# Time[ms],Looppar,Vdiode[V],Vled[V],Vscat[V],Temperature[C],Ix[A],Iy[A],Iz[A],LED_type
454784,0,,,,,,,-0.7028,1
454935,0,,,,,,0.0466,,1
455086,0,,,,25.4603,,,,1
455215,0,,,2.7505,,,,,1
455343,0,0.6777,,,,,,,1
455471,0,,,2.7506,,,,,1
455621,0,,,,,-0.0376,,,1
455772,0,,,,,,,0.4829,1
455923,0,,,,,,0.0464,,1
456075,0,,,,25.4603,,,,1
456202,0,0.6777,,,,,,,1
456330,0,,,2.7509,,,,,1
456458,0,0.6777,,,,,,,1
456609,0,,,,,-0.0376,,,1
456760,0,,,,,,,0.4829,1
456911,0,,,,,,0.0464,,1
457062,0,,,,25.4603,,,,1
457190,0,,,2.7513,,,,,1
457318,0,0.6777,,,,,,,1
457446,0,,,2.7514,,,,,1
457596,0,,,,,-0.0376,,,1
457747,0,,,,,,,0.4829,1
457898,0,,,,,,0.0466,,1
458049,0,,,,25.4603,,,,1
458177,0,0.6777,,,,,,,1
458305,0,,,2.7516,,,,,1
458433,0,0.6777,,,,,,,1
458583,0,,,,,-0.0376,,,1
458734,0,,,,,,,0.4829,1
458885,0,,,,,,0.0464,,1
459036,0,,,,25.4603,,,,1
459164,0,,,2.7520,,,,,1
459292,0,0.6777,,,,,,,1
459420,0,,,2.7521,,,,,1
459548,0,0.6777,,,,,,,1
459698,0,,,,,-0.0378,,,1
459849,0,,,,,,,0.4827,1
460000,0,,,,,,0.0464,,1
460151,0,,,,25.4603,,,,1
460279,0,,,2.7526,,,,,1
460407,0,0.6777,,,,,,,1
460535,0,,,2.7526,,,,,1
460685,0,,,,,-0.0376,,,1
460836,0,,,,,,,0.4829,1
460987,0,,,,,,0.0464,,1
461138,0,,,,25.4603,,,,1
461266,0,0.6777,,,,,,,1
461394,0,,,2.7529,,,,,1
461522,0,0.6777,,,,,,,1
461672,0,,,,,-0.0376,,,1
461823,0,,,,,,,0.4829,1
461974,0,,,,,,0.0464,,1
462125,0,,,,25.4603,,,,1
462253,0,,,2.7532,,,,,1
462381,0,0.6777,,,,,,,1
462509,0,,,2.7532,,,,,1
462659,0,,,,,-0.0376,,,1
462810,0,,,,,,,0.4829,1
462961,0,,,,,,0.0464,,1
463112,0,,,,25.4603,,,,1
463240,0,0.6777,,,,,,,1
463368,0,,,2.7538,,,,,1
463496,0,0.6777,,,,,,,1
463646,0,,,,,-0.0376,,,1
463797,0,,,,,,,0.4829,1
463948,0,,,,,,0.0464,,1
464099,0,,,,25.4603,,,,1
464227,0,,,2.7542,,,,,1
464355,0,0.6777,,,,,,,1
464483,0,,,2.7545,,,,,1
464633,0,,,,,-0.0376,,,1
464784,0,,,,,,,0.4829,1
464935,0,,,,,,0.0464,,1
465086,0,,,,25.4603,,,,1
465214,0,0.6777,,,,,,,1
465342,0,,,2.7549,,,,,1
465470,0,0.6777,,,,,,,1
465620,0,,,,,-0.0376,,,1
465771,0,,,,,,,0.4829,1
465922,0,,,,,,0.0464,,1
466073,0,,,,25.4603,,,,1
466201,0,,,2.7553,,,,,1
466329,0,0.6777,,,,,,,1
466457,0,,,2.7555,,,,,1
466607,0,,,,,-0.0376,,,1
466758,0,,,,,,,0.4829,1
466909,0,,,,,,0.0464,,1
467060,0,,,,25.4603,,,,1
467188,0,0.6777,,,,,,,1
467316,0,,,2.7555,,,,,1
467444,0,0.6777,,,,,,,1
467594,0,,,,,-0.0376,,,1
467745,0,,,,,,,0.4827,1
467896,0,,,,,,0.0462,,1
468047,0,,,,25.4603,,,,1
468175,0,,,2.7561,,,,,1
468303,0,0.6777,,,,,,,1
468431,0,,,2.7562,,,,,1
468559,0,0.6777,,,,,,,1
468709,0,,,,,-0.0376,,,1
468860,0,,,,,,,0.4829,1
469011,0,,,,,,0.0464,,1
469162,0,,,,25.4603,,,,1
469290,0,,,2.7569,,,,,1
469418,0,0.6777,,,,,,,1
469547,0,,,2.7570,,,,,1
469697,0,,,,,-0.0376,,,1
469848,0,,,,,,,0.4829,1
469999,0,,,,,,0.0464,,1
470151,0,,,,25.4603,,,,1
470279,0,0.6777,,,,,,,1
470407,0,,,2.7575,,,,,1
470535,0,0.6777,,,,,,,1
470685,0,,,,,-0.0376,,,1
470836,0,,,,,,,0.4829,1
470987,0,,,,,,0.0466,,1
471138,0,,,,25.4603,,,,1
471266,0,,,2.7578,,,,,1
471394,0,0.6777,,,,,,,1
471522,0,,,2.7579,,,,,1
471672,0,,,,,-0.0376,,,1
471823,0,,,,,,,0.4829,1
471975,0,,,,,,0.0464,,1
472125,0,,,,25.4603,,,,1
472253,0,0.6777,,,,,,,1
472381,0,,,2.7584,,,,,1
472509,0,0.6777,,,,,,,1
472659,0,,,,,-0.0376,,,1
472810,0,,,,,,,0.4829,1
472961,0,,,,,,0.0466,,1
473112,0,,,,25.4603,,,,1
473240,0,,,2.7589,,,,,1
473368,0,0.6777,,,,,,,1
473496,0,,,2.7591,,,,,1
473646,0,,,,,-0.0376,,,1
473797,0,,,,,,,0.4824,1
473948,0,,,,,,0.0464,,1
474099,0,,,,25.4603,,,,1
474227,0,0.6777,,,,,,,1
474355,0,,,2.7595,,,,,1
474483,0,0.6777,,,,,,,1
474633,0,,,,,-0.0378,,,1
474784,0,,,,,,,0.4827,1
474935,0,,,,,,0.0464,,1
475086,0,,,,25.4603,,,,1
475214,0,,,2.7600,,,,,1
475342,0,0.6777,,,,,,,1
475470,0,,,2.7601,,,,,1
475620,0,,,,,-0.0376,,,1
475771,0,,,,,,,0.4829,1
475922,0,,,,,,0.0464,,1
476073,0,,,,25.4603,,,,1
476201,0,0.6777,,,,,,,1
476329,0,,,2.7608,,,,,1
476457,0,0.6777,,,,,,,1
476607,0,,,,,-0.0376,,,1
476758,0,,,,,,,0.4827,1
476909,0,,,,,,0.0464,,1
477060,0,,,,25.4603,,,,1
477188,0,,,2.7611,,,,,1
477316,0,0.6777,,,,,,,1
477444,0,,,2.7612,,,,,1
477594,0,,,,,-0.0376,,,1
477745,0,,,,,,,0.4829,1
477896,0,,,,,,0.0466,,1
478047,0,,,,25.4603,,,,1
478175,0,0.6777,,,,,,,1
478304,0,,,2.7619,,,,,1
478432,0,0.6777,,,,,,,1
478582,0,,,,,-0.0376,,,1
478733,0,,,,,,,0.4829,1
478884,0,,,,,,0.0464,,1
479035,0,,,,25.4603,,,,1
479163,0,,,2.7624,,,,,1
479291,0,0.6777,,,,,,,1
479419,0,,,2.7625,,,,,1
479547,0,0.6777,,,,,,,1
479697,0,,,,,-0.0376,,,1
479848,0,,,,,,,0.4829,1
479999,0,,,,,,0.0464,,1
480150,0,,,,25.4633,,,,1
480278,0,,,2.7631,,,,,1
480406,0,0.6777,,,,,,,1
480534,0,,,2.7634,,,,,1
480684,0,,,,,-0.0374,,,1
480835,0,,,,,,,0.4829,1
480986,0,,,,,,0.0464,,1
481137,0,,,,25.4633,,,,1
481265,0,0.6777,,,,,,,1
481393,0,,,2.7637,,,,,1
481521,0,0.6777,,,,,,,1
481671,0,,,,,-0.0376,,,1
481822,0,,,,,,,0.4829,1
481973,0,,,,,,0.0464,,1
482124,0,,,,25.4603,,,,1
482252,0,,,2.7644,,,,,1
482380,0,0.6777,,,,,,,1
482508,0,,,2.7645,,,,,1
482658,0,,,,,-0.0376,,,1
482809,0,,,,,,,0.4829,1
482960,0,,,,,,0.0466,,1
483111,0,,,,25.4603,,,,1
483239,0,0.6777,,,,,,,1
483367,0,,,2.7650,,,,,1
483495,0,0.6777,,,,,,,1
483645,0,,,,,-0.0374,,,1
483796,0,,,,,,,0.4829,1
483947,0,,,,,,0.0464,,1
484098,0,,,,25.4603,,,,1
484226,0,,,2.7656,,,,,1
484354,0,0.6777,,,,,,,1
484482,0,,,2.7659,,,,,1
484632,0,,,,,-0.0376,,,1
484783,0,,,,,,,0.4829,1
484934,0,,,,,,0.0466,,1
485085,0,,,,25.4633,,,,1
485213,0,0.6777,,,,,,,1
485341,0,,,2.7664,,,,,1
485469,0,0.6777,,,,,,,1
485619,0,,,,,-0.0374,,,1
485770,0,,,,,,,0.4829,1
485921,0,,,,,,0.0466,,1
486072,0,,,,25.4633,,,,1
486200,0,,,2.7669,,,,,1
486328,0,0.6777,,,,,,,1
486456,0,,,2.7670,,,,,1
486606,0,,,,,-0.0374,,,1
486757,0,,,,,,,0.4829,1
486908,0,,,,,,0.0466,,1
487059,0,,,,25.4633,,,,1
487187,0,0.6777,,,,,,,1
487315,0,,,2.7676,,,,,1
487443,0,0.6777,,,,,,,1
487594,0,,,,,-0.0378,,,1
487744,0,,,,,,,0.4827,1
487895,0,,,,,,0.0464,,1
488046,0,,,,25.4633,,,,1
488174,0,,,2.7682,,,,,1
488302,0,0.6777,,,,,,,1
488430,0,,,2.7684,,,,,1
488558,0,0.6777,,,,,,,1
488708,0,,,,,-0.0376,,,1
488859,0,,,,,,,0.4827,1
489010,0,,,,,,0.0464,,1
489161,0,,,,25.4633,,,,1
489289,0,,,2.7691,,,,,1
489417,0,0.6777,,,,,,,1
489545,0,,,2.7694,,,,,1
489695,0,,,,,-0.0376,,,1
489846,0,,,,,,,0.4827,1
489997,0,,,,,,0.0464,,1
490148,0,,,,25.4633,,,,1
490276,0,0.6777,,,,,,,1
490404,0,,,2.7700,,,,,1
490532,0,0.6777,,,,,,,1
490682,0,,,,,-0.0376,,,1
490833,0,,,,,,,0.4827,1
490984,0,,,,,,0.0464,,1
491135,0,,,,25.4633,,,,1
491263,0,,,2.7707,,,,,1
491391,0,0.6777,,,,,,,1
491519,0,,,2.7709,,,,,1
491669,0,,,,,-0.0376,,,1
491820,0,,,,,,,0.4829,1
491971,0,,,,,,0.0464,,1
492122,0,,,,25.4633,,,,1
492250,0,0.6777,,,,,,,1
492378,0,,,2.7714,,,,,1
492506,0,0.6777,,,,,,,1
492656,0,,,,,-0.0376,,,1
492807,0,,,,,,,0.4829,1
492958,0,,,,,,0.0466,,1
493109,0,,,,25.4633,,,,1
493237,0,,,2.7720,,,,,1
493365,0,0.6777,,,,,,,1
493493,0,,,2.7721,,,,,1
493643,0,,,,,-0.0376,,,1
493794,0,,,,,,,0.4827,1
493945,0,,,,,,0.0466,,1
494096,0,,,,25.4633,,,,1
494224,0,0.6777,,,,,,,1
494352,0,,,2.7728,,,,,1
494480,0,0.6777,,,,,,,1
494630,0,,,,,-0.0376,,,1
494781,0,,,,,,,0.4829,1
494932,0,,,,,,0.0466,,1
495083,0,,,,25.4633,,,,1
495211,0,,,2.7735,,,,,1
495339,0,0.6777,,,,,,,1
495467,0,,,2.7738,,,,,1
495617,0,,,,,-0.0376,,,1
495768,0,,,,,,,0.4827,1
495919,0,,,,,,0.0464,,1
496070,0,,,,25.4633,,,,1
496198,0,0.6777,,,,,,,1
496326,0,,,2.7744,,,,,1
496454,0,0.6777,,,,,,,1
496604,0,,,,,-0.0378,,,1
496755,0,,,,,,,0.4827,1
496906,0,,,,,,0.0464,,1
497057,0,,,,25.4633,,,,1
497185,0,,,2.7749,,,,,1
497314,0,0.6779,,,,,,,1
497442,0,,,2.7753,,,,,1
497592,0,,,,,-0.0376,,,1
497743,0,,,,,,,0.4829,1
497894,0,,,,,,0.0464,,1
498046,0,,,,25.4633,,,,1
498174,0,0.6777,,,,,,,1
498302,0,,,2.7759,,,,,1
498430,0,0.6777,,,,,,,1
498558,0,,,2.7760,,,,,1
498708,0,,,,,-0.0376,,,1
498859,0,,,,,,,0.4829,1
499010,0,,,,,,0.0466,,1
499161,0,,,,25.4633,,,,1
499289,0,0.6777,,,,,,,1
499417,0,,,2.7766,,,,,1
499545,0,0.6777,,,,,,,1
499695,0,,,,,-0.0376,,,1
499846,0,,,,,,,0.4824,1
499997,0,,,,,,0.0464,,1
500148,0,,,,25.4633,,,,1
500276,0,,,2.7772,,,,,1
500404,0,0.6777,,,,,,,1
500532,0,,,2.7775,,,,,1
500682,0,,,,,-0.0376,,,1
500833,0,,,,,,,0.4827,1
500984,0,,,,,,0.0464,,1
501135,0,,,,25.4633,,,,1
501263,0,0.6777,,,,,,,1
501391,0,,,2.7782,,,,,1
501519,0,0.6779,,,,,,,1
501669,0,,,,,-0.0376,,,1
501820,0,,,,,,,0.4827,1
501971,0,,,,,,0.0464,,1
502122,0,,,,25.4633,,,,1
502250,0,,,2.7787,,,,,1
502378,0,0.6777,,,,,,,1
502506,0,,,2.7790,,,,,1
502656,0,,,,,-0.0376,,,1
502807,0,,,,,,,0.4827,1
502958,0,,,,,,0.0464,,1
503109,0,,,,25.4633,,,,1
503237,0,0.6777,,,,,,,1
503365,0,,,2.7797,,,,,1
503493,0,0.6777,,,,,,,1
503644,0,,,,,-0.0376,,,1
503795,0,,,,,,,0.4827,1
503946,0,,,,,,0.0464,,1
504097,0,,,,25.4633,,,,1
504225,0,,,2.7805,,,,,1
504353,0,0.6777,,,,,,,1
504481,0,,,2.7806,,,,,1
504631,0,,,,,-0.0376,,,1
504782,0,,,,,,,0.4827,1
504933,0,,,,,,0.0464,,1
505084,0,,,,25.4633,,,,1
505212,0,0.6777,,,,,,,1
505340,0,,,2.7814,,,,,1
505468,0,0.6779,,,,,,,1
505618,0,,,,,-0.0376,,,1
505769,0,,,,,,,0.4827,1
505920,0,,,,,,0.0464,,1
506071,0,,,,25.4633,,,,1
506199,0,,,2.7819,,,,,1
506327,0,0.6779,,,,,,,1
506455,0,,,2.7819,,,,,1
506605,0,,,,,-0.0376,,,1
506756,0,,,,,,,0.4827,1
506907,0,,,,,,0.0464,,1
507058,0,,,,25.4633,,,,1
507186,0,0.6777,,,,,,,1
507314,0,,,2.7829,,,,,1
507442,0,0.6777,,,,,,,1
507592,0,,,,,-0.0376,,,1
507743,0,,,,,,,0.4829,1
507894,0,,,,,,0.0464,,1
508045,0,,,,25.4633,,,,1
508173,0,,,2.7833,,,,,1
508301,0,0.6779,,,,,,,1
508429,0,,,2.7835,,,,,1
508557,0,0.6779,,,,,,,1
508707,0,,,,,-0.0376,,,1
508858,0,,,,,,,0.4827,1
509009,0,,,,,,0.0466,,1
509160,0,,,,25.4633,,,,1
509288,0,,,2.7844,,,,,1
509416,0,0.6779,,,,,,,1
509544,0,,,2.7844,,,,,1
509694,0,,,,,-0.0374,,,1
509845,0,,,,,,,0.4829,1
509996,0,,,,,,0.0466,,1
510147,0,,,,25.4633,,,,1
510275,0,0.6777,,,,,,,1
510403,0,,,2.7855,,,,,1
510531,0,0.6779,,,,,,,1
510681,0,,,,,-0.0374,,,1
510832,0,,,,,,,0.4829,1
510983,0,,,,,,0.0466,,1
511134,0,,,,25.4633,,,,1
511262,0,,,2.7860,,,,,1
511390,0,0.6777,,,,,,,1
511519,0,,,2.7861,,,,,1
511669,0,,,,,-0.0374,,,1
511820,0,,,,,,,0.4829,1
511971,0,,,,,,0.0466,,1
512122,0,,,,25.4633,,,,1
512251,0,0.6777,,,,,,,1
512378,0,,,2.7867,,,,,1
512506,0,0.6777,,,,,,,1
512657,0,,,,,-0.0374,,,1
512808,0,,,,,,,0.4829,1
512959,0,,,,,,0.0466,,1
513110,0,,,,25.4633,,,,1
513238,0,,,2.7874,,,,,1
513366,0,0.6779,,,,,,,1
513494,0,,,2.7875,,,,,1
513644,0,,,,,-0.0374,,,1
513795,0,,,,,,,0.4827,1
513946,0,,,,,,0.0466,,1
514097,0,,,,25.4663,,,,1
514225,0,0.6777,,,,,,,1
514353,0,,,2.7884,,,,,1
514481,0,0.6779,,,,,,,1
514631,0,,,,,-0.0374,,,1
514782,0,,,,,,,0.4827,1
514933,0,,,,,,0.0466,,1
515084,0,,,,25.4633,,,,1
515212,0,,,2.7891,,,,,1
515340,0,0.6779,,,,,,,1
515468,0,,,2.7891,,,,,1
515618,0,,,,,-0.0374,,,1
515769,0,,,,,,,0.4829,1
515920,0,,,,,,0.0466,,1
516071,0,,,,25.4633,,,,1
516199,0,0.6779,,,,,,,1
516327,0,,,2.7900,,,,,1
516455,0,0.6777,,,,,,,1
516605,0,,,,,-0.0376,,,1
516756,0,,,,,,,0.4824,1
516907,0,,,,,,0.0462,,1
517058,0,,,,25.4633,,,,1
517186,0,,,2.7905,,,,,1
517314,0,0.6779,,,,,,,1
517442,0,,,2.7907,,,,,1
517592,0,,,,,-0.0378,,,1
517743,0,,,,,,,0.4824,1
517894,0,,,,,,0.0464,,1
518045,0,,,,25.4663,,,,1
518173,0,0.6779,,,,,,,1
518301,0,,,2.7915,,,,,1
518430,0,0.6779,,,,,,,1
518557,0,,,2.7916,,,,,1
518708,0,,,,,-0.0376,,,1
518859,0,,,,,,,0.4827,1
519010,0,,,,,,0.0464,,1
519161,0,,,,25.4633,,,,1
519289,0,0.6779,,,,,,,1
519417,0,,,2.7925,,,,,1
519545,0,0.6777,,,,,,,1
519695,0,,,,,-0.0376,,,1
519846,0,,,,,,,0.4827,1
519997,0,,,,,,0.0464,,1
520148,0,,,,25.4663,,,,1
520276,0,,,2.7931,,,,,1
520404,0,0.6779,,,,,,,1
520532,0,,,2.7934,,,,,1
520682,0,,,,,-0.0376,,,1
520833,0,,,,,,,0.4827,1
520984,0,,,,,,0.0464,,1
521135,0,,,,25.4663,,,,1
521263,0,0.6779,,,,,,,1
521391,0,,,2.7938,,,,,1
521519,0,0.6779,,,,,,,1
521669,0,,,,,-0.0376,,,1
521820,0,,,,,,,0.4827,1
521971,0,,,,,,0.0466,,1
522122,0,,,,25.4663,,,,1
522250,0,,,2.7944,,,,,1
522378,0,0.6779,,,,,,,1
522506,0,,,2.7946,,,,,1
522656,0,,,,,-0.0376,,,1
522807,0,,,,,,,0.4829,1
522958,0,,,,,,0.0466,,1
523109,0,,,,25.4663,,,,1
523237,0,0.6779,,,,,,,1
523365,0,,,2.7953,,,,,1
523493,0,0.6779,,,,,,,1
523643,0,,,,,-0.0376,,,1
523794,0,,,,,,,0.4827,1
523945,0,,,,,,0.0466,,1
524096,0,,,,25.4663,,,,1
524224,0,,,2.7959,,,,,1
524352,0,0.6779,,,,,,,1
524480,0,,,2.7960,,,,,1
524630,0,,,,,-0.0374,,,1
524781,0,,,,,,,0.4827,1
524932,0,,,,,,0.0466,,1
525083,0,,,,25.4663,,,,1
525211,0,0.6779,,,,,,,1
525339,0,,,2.7967,,,,,1
525467,0,0.6779,,,,,,,1
525617,0,,,,,-0.0376,,,1
525768,0,,,,,,,0.4827,1
525919,0,,,,,,0.0464,,1
526070,0,,,,25.4663,,,,1
526198,0,,,2.7974,,,,,1
526326,0,0.6779,,,,,,,1
526454,0,,,2.7975,,,,,1
526605,0,,,,,-0.0376,,,1
526756,0,,,,,,,0.4827,1
526907,0,,,,,,0.0466,,1
527058,0,,,,25.4663,,,,1
527187,0,0.6779,,,,,,,1
527315,0,,,2.7982,,,,,1
527443,0,0.6779,,,,,,,1
527593,0,,,,,-0.0374,,,1
527744,0,,,,,,,0.4827,1
527895,0,,,,,,0.0466,,1
528046,0,,,,25.4663,,,,1
528174,0,,,2.7987,,,,,1
528302,0,0.6779,,,,,,,1
528430,0,,,2.7989,,,,,1
528558,0,0.6779,,,,,,,1
528708,0,,,,,-0.0376,,,1
528859,0,,,,,,,0.4827,1
529010,0,,,,,,0.0466,,1
529161,0,,,,25.4663,,,,1
529289,0,,,2.7994,,,,,1
529417,0,0.6779,,,,,,,1
529545,0,,,2.7997,,,,,1
529695,0,,,,,-0.0374,,,1
529846,0,,,,,,,0.4827,1
529997,0,,,,,,0.0466,,1
530148,0,,,,25.4663,,,,1
530276,0,0.6779,,,,,,,1
530404,0,,,2.8005,,,,,1
530532,0,0.6779,,,,,,,1
530682,0,,,,,-0.0374,,,1
530833,0,,,,,,,0.4827,1
530984,0,,,,,,0.0466,,1
531135,0,,,,25.4663,,,,1
531263,0,,,2.8006,,,,,1
531391,0,0.6779,,,,,,,1
531519,0,,,2.8009,,,,,1
531669,0,,,,,-0.0374,,,1
531820,0,,,,,,,0.4829,1
531971,0,,,,,,0.0466,,1
532122,0,,,,25.4663,,,,1
532250,0,0.6779,,,,,,,1
532378,0,,,2.8015,,,,,1
532506,0,0.6779,,,,,,,1
532656,0,,,,,-0.0374,,,1
532807,0,,,,,,,0.4827,1
532958,0,,,,,,0.0466,,1
533109,0,,,,25.4663,,,,1
533237,0,,,2.8020,,,,,1
533365,0,0.6779,,,,,,,1
533493,0,,,2.8022,,,,,1
533643,0,,,,,-0.0374,,,1
533794,0,,,,,,,0.4829,1
533945,0,,,,,,0.0466,,1
534096,0,,,,25.4663,,,,1
534224,0,0.6779,,,,,,,1
534352,0,,,2.8027,,,,,1
534480,0,0.6779,,,,,,,1
534630,0,,,,,-0.0374,,,1
534781,0,,,,,,,0.4829,1
534932,0,,,,,,0.0466,,1
535083,0,,,,25.4663,,,,1
535211,0,,,2.8035,,,,,1
535339,0,0.6779,,,,,,,1
535467,0,,,2.8036,,,,,1
535617,0,,,,,-0.0374,,,1
535768,0,,,,,,,0.4827,1
535919,0,,,,,,0.0466,,1
536070,0,,,,25.4663,,,,1
536198,0,0.6779,,,,,,,1
536326,0,,,2.8041,,,,,1
536454,0,0.6779,,,,,,,1
536604,0,,,,,-0.0374,,,1
536755,0,,,,,,,0.4827,1
536906,0,,,,,,0.0466,,1
537057,0,,,,25.4663,,,,1
537185,0,,,2.8045,,,,,1
537313,0,0.6779,,,,,,,1
537441,0,,,2.8047,,,,,1
537591,0,,,,,-0.0374,,,1
537742,0,,,,,,,0.4827,1
537893,0,,,,,,0.0466,,1
538044,0,,,,25.4663,,,,1
538172,0,0.6779,,,,,,,1
538300,0,,,2.8052,,,,,1
538428,0,0.6779,,,,,,,1
538556,0,,,2.8054,,,,,1
538706,0,,,,,-0.0374,,,1
538857,0,,,,,,,0.4827,1
539008,0,,,,,,0.0466,,1
539159,0,,,,25.4663,,,,1
539287,0,0.6779,,,,,,,1
539415,0,,,2.8060,,,,,1
539543,0,0.6779,,,,,,,1
539693,0,,,,,-0.0374,,,1
539844,0,,,,,,,0.4827,1
539995,0,,,,,,0.0466,,1
540146,0,,,,25.4663,,,,1
540274,0,,,2.8064,,,,,1
540402,0,0.6779,,,,,,,1
540530,0,,,2.8065,,,,,1
540680,0,,,,,-0.0374,,,1
540831,0,,,,,,,0.4829,1
540982,0,,,,,,0.0466,,1
541133,0,,,,25.4663,,,,1
541261,0,0.6779,,,,,,,1
541389,0,,,2.8073,,,,,1
541517,0,0.6779,,,,,,,1
541667,0,,,,,-0.0374,,,1
541818,0,,,,,,,0.4827,1
541969,0,,,,,,0.0466,,1
542120,0,,,,25.4663,,,,1
542248,0,,,2.8076,,,,,1
542376,0,0.6779,,,,,,,1
542504,0,,,2.8077,,,,,1
542654,0,,,,,-0.0374,,,1
542805,0,,,,,,,0.4827,1
542956,0,,,,,,0.0464,,1
543107,0,,,,25.4663,,,,1
543235,0,0.6779,,,,,,,1
543363,0,,,2.8081,,,,,1
543491,0,0.6779,,,,,,,1
543641,0,,,,,-0.0376,,,1
543792,0,,,,,,,0.4827,1
543943,0,,,,,,0.0466,,1
544094,0,,,,25.4663,,,,1
544222,0,,,2.8087,,,,,1
544350,0,0.6779,,,,,,,1
544478,0,,,2.8086,,,,,1
544628,0,,,,,-0.0378,,,1
544779,0,,,,,,,0.4824,1
544930,0,,,,,,0.0464,,1
545081,0,,,,25.4663,,,,1
545209,0,0.6779,,,,,,,1
545337,0,,,2.8091,,,,,1
545466,0,0.6779,,,,,,,1
545616,0,,,,,-0.0376,,,1
545767,0,,,,,,,0.4824,1
545918,0,,,,,,0.0464,,1
546069,0,,,,25.4663,,,,1
546197,0,,,2.8095,,,,,1
546325,0,0.6779,,,,,,,1
546453,0,,,2.8096,,,,,1
546603,0,,,,,-0.0376,,,1
546754,0,,,,,,,0.4824,1
546905,0,,,,,,0.0464,,1
547056,0,,,,25.4663,,,,1
547184,0,0.6779,,,,,,,1
547312,0,,,2.8100,,,,,1
547440,0,0.6779,,,,,,,1
547590,0,,,,,-0.0376,,,1
547741,0,,,,,,,0.4827,1
547892,0,,,,,,0.0464,,1
548043,0,,,,25.4663,,,,1
548171,0,,,2.8105,,,,,1
548299,0,0.6779,,,,,,,1
548427,0,,,2.8105,,,,,1
548555,0,0.6779,,,,,,,1
548705,0,,,,,-0.0374,,,1
548856,0,,,,,,,0.4827,1
549007,0,,,,,,0.0466,,1
549158,0,,,,25.4693,,,,1
549286,0,,,2.8108,,,,,1
549414,0,0.6779,,,,,,,1
549542,0,,,2.8110,,,,,1
549692,0,,,,,-0.0374,,,1
549843,0,,,,,,,0.4827,1
549994,0,,,,,,0.0466,,1
550145,0,,,,25.4693,,,,1
550273,0,0.6779,,,,,,,1
550401,0,,,2.8113,,,,,1
550529,0,0.6779,,,,,,,1
550679,0,,,,,-0.0374,,,1
550830,0,,,,,,,0.4824,1
550981,0,,,,,,0.0464,,1
551132,0,,,,25.4693,,,,1
551260,0,,,2.8116,,,,,1
551388,0,0.6779,,,,,,,1
551516,0,,,2.8115,,,,,1
551666,0,,,,,-0.0376,,,1
551817,0,,,,,,,0.4824,1
551968,0,,,,,,0.0464,,1
552119,0,,,,25.4693,,,,1
552247,0,0.6779,,,,,,,1
552375,0,,,2.8119,,,,,1
552503,0,0.6779,,,,,,,1
552653,0,,,,,-0.0376,,,1
552804,0,,,,,,,0.4827,1
552955,0,,,,,,0.0464,,1
553106,0,,,,25.4693,,,,1
553234,0,,,2.8124,,,,,1
553362,0,0.6779,,,,,,,1
553490,0,,,2.8125,,,,,1
553640,0,,,,,-0.0376,,,1
553791,0,,,,,,,0.4824,1
553942,0,,,,,,0.0464,,1
554093,0,,,,25.4693,,,,1
554221,0,0.6779,,,,,,,1
554349,0,,,2.8125,,,,,1
554477,0,0.6779,,,,,,,1
554627,0,,,,,-0.0376,,,1
554778,0,,,,,,,0.4827,1
554929,0,,,,,,0.0466,,1
555080,0,,,,25.4693,,,,1
555208,0,,,2.8126,,,,,1
555336,0,0.6779,,,,,,,1
555464,0,,,2.8126,,,,,1
555614,0,,,,,-0.0374,,,1
555765,0,,,,,,,0.4827,1
555916,0,,,,,,0.0466,,1
556067,0,,,,25.4693,,,,1
556195,0,0.6779,,,,,,,1
556323,0,,,2.8127,,,,,1
556451,0,0.6779,,,,,,,1
556601,0,,,,,-0.0376,,,1
556752,0,,,,,,,0.4827,1
556903,0,,,,,,0.0464,,1
557054,0,,,,25.4693,,,,1
557182,0,,,2.8131,,,,,1
557310,0,0.6779,,,,,,,1
557438,0,,,2.8132,,,,,1
557588,0,,,,,-0.0376,,,1
557739,0,,,,,,,0.4827,1
557890,0,,,,,,0.0464,,1
558041,0,,,,25.4693,,,,1
558169,0,0.6779,,,,,,,1
558297,0,,,2.8134,,,,,1
558425,0,0.6779,,,,,,,1
558553,0,,,2.8135,,,,,1
558703,0,,,,,-0.0376,,,1
558854,0,,,,,,,0.4824,1
559005,0,,,,,,0.0464,,1
559156,0,,,,25.4693,,,,1
559284,0,0.6779,,,,,,,1
559412,0,,,2.8135,,,,,1
559540,0,0.6779,,,,,,,1
559690,0,,,,,-0.0374,,,1
559841,0,,,,,,,0.4827,1
559992,0,,,,,,0.0464,,1
560143,0,,,,25.4693,,,,1
560271,0,,,2.8136,,,,,1
560399,0,0.6779,,,,,,,1
560527,0,,,2.8136,,,,,1
560677,0,,,,,-0.0374,,,1
560828,0,,,,,,,0.4827,1
560979,0,,,,,,0.0466,,1
561130,0,,,,25.4693,,,,1
561258,0,0.6779,,,,,,,1
561386,0,,,2.8136,,,,,1
561514,0,0.6780,,,,,,,1
561664,0,,,,,-0.0374,,,1
561815,0,,,,,,,0.4827,1
561966,0,,,,,,0.0466,,1
562117,0,,,,25.4693,,,,1
562245,0,,,2.8136,,,,,1
562373,0,0.6779,,,,,,,1
562501,0,,,2.8136,,,,,1
562651,0,,,,,-0.0374,,,1
562802,0,,,,,,,0.4827,1
562953,0,,,,,,0.0466,,1
563104,0,,,,25.4693,,,,1
563232,0,0.6779,,,,,,,1
563360,0,,,2.8136,,,,,1
563488,0,0.6779,,,,,,,1
563638,0,,,,,-0.0374,,,1
563789,0,,,,,,,0.4827,1
563940,0,,,,,,0.0466,,1
564091,0,,,,25.4693,,,,1
564219,0,,,2.8136,,,,,1
564347,0,0.6779,,,,,,,1
564476,0,,,2.8138,,,,,1
564626,0,,,,,-0.0376,,,1
564777,0,,,,,,,0.4824,1
564928,0,,,,,,0.0464,,1
565079,0,,,,25.4693,,,,1
565207,0,0.6779,,,,,,,1
565335,0,,,2.8136,,,,,1
565463,0,0.6779,,,,,,,1
565613,0,,,,,-0.0374,,,1
565764,0,,,,,,,0.4827,1
565915,0,,,,,,0.0466,,1
566066,0,,,,25.4693,,,,1
566194,0,,,2.8136,,,,,1
566322,0,0.6779,,,,,,,1
566450,0,,,2.8134,,,,,1
566600,0,,,,,-0.0376,,,1
566751,0,,,,,,,0.4824,1
566902,0,,,,,,0.0462,,1
567053,0,,,,25.4693,,,,1
567181,0,0.6779,,,,,,,1
567309,0,,,2.8135,,,,,1
567437,0,0.6779,,,,,,,1
567587,0,,,,,-0.0378,,,1
567738,0,,,,,,,0.4824,1
567889,0,,,,,,0.0464,,1
568040,0,,,,25.4693,,,,1
568168,0,,,2.8129,,,,,1
568296,0,0.6779,,,,,,,1
568424,0,,,2.8131,,,,,1
568552,0,0.6779,,,,,,,1
568702,0,,,,,-0.0378,,,1
568853,0,,,,,,,0.4822,1
569004,0,,,,,,0.0464,,1
569155,0,,,,25.4693,,,,1
569283,0,,,2.8130,,,,,1
569411,0,0.6779,,,,,,,1
569539,0,,,2.8130,,,,,1
569689,0,,,,,-0.0376,,,1
569840,0,,,,,,,0.4824,1
569991,0,,,,,,0.0464,,1
570142,0,,,,25.4723,,,,1
570270,0,0.6779,,,,,,,1
570398,0,,,2.8126,,,,,1
570526,0,0.6779,,,,,,,1
570676,0,,,,,-0.0376,,,1
570827,0,,,,,,,0.4824,1
570978,0,,,,,,0.0464,,1
571129,0,,,,25.4723,,,,1
571257,0,,,2.8127,,,,,1
571385,0,0.6779,,,,,,,1
571513,0,,,2.8126,,,,,1
571663,0,,,,,-0.0376,,,1
571814,0,,,,,,,0.4824,1
571965,0,,,,,,0.0466,,1
572116,0,,,,25.4693,,,,1
572244,0,0.6779,,,,,,,1
572372,0,,,2.8124,,,,,1
572500,0,0.6779,,,,,,,1
572650,0,,,,,-0.0376,,,1
572801,0,,,,,,,0.4824,1
572952,0,,,,,,0.0464,,1
573103,0,,,,25.4693,,,,1
573231,0,,,2.8123,,,,,1
573359,0,0.6779,,,,,,,1
573487,0,,,2.8121,,,,,1
573637,0,,,,,-0.0376,,,1
573788,0,,,,,,,0.4824,1
573939,0,,,,,,0.0464,,1
574090,0,,,,25.4693,,,,1
574218,0,0.6779,,,,,,,1
574346,0,,,2.8120,,,,,1
574474,0,0.6777,,,,,,,1
574624,0,,,,,-0.0376,,,1
574775,0,,,,,,,0.4824,1
574926,0,,,,,,0.0466,,1
575077,0,,,,25.4723,,,,1
575205,0,,,2.8117,,,,,1
575333,0,0.6779,,,,,,,1
575461,0,,,2.8116,,,,,1
575612,0,,,,,-0.0376,,,1
575763,0,,,,,,,0.4824,1
575914,0,,,,,,0.0464,,1
576065,0,,,,25.4693,,,,1
576193,0,0.6779,,,,,,,1
576321,0,,,2.8111,,,,,1
576449,0,0.6779,,,,,,,1
576599,0,,,,,-0.0376,,,1
576750,0,,,,,,,0.4824,1
576901,0,,,,,,0.0464,,1
577052,0,,,,25.4723,,,,1
577180,0,,,2.8108,,,,,1
577308,0,0.6779,,,,,,,1
577436,0,,,2.8108,,,,,1
577586,0,,,,,-0.0376,,,1
577737,0,,,,,,,0.4827,1
577888,0,,,,,,0.0464,,1
578039,0,,,,25.4723,,,,1
578167,0,0.6779,,,,,,,1
578295,0,,,2.8102,,,,,1
578423,0,0.6779,,,,,,,1
578551,0,,,2.8102,,,,,1
578701,0,,,,,-0.0374,,,1
578852,0,,,,,,,0.4824,1
579003,0,,,,,,0.0466,,1
579154,0,,,,25.4723,,,,1
579282,0,0.6779,,,,,,,1
579410,0,,,2.8096,,,,,1
579538,0,0.6779,,,,,,,1
579688,0,,,,,-0.0376,,,1
579839,0,,,,,,,0.4824,1
579990,0,,,,,,0.0464,,1
580141,0,,,,25.4723,,,,1
580270,0,,,2.8092,,,,,1
580398,0,0.6779,,,,,,,1
580526,0,,,2.8092,,,,,1
580676,0,,,,,-0.0374,,,1
580827,0,,,,,,,0.4827,1
580979,0,,,,,,0.0466,,1
581129,0,,,,25.4723,,,,1
581257,0,0.6779,,,,,,,1
581385,0,,,2.8084,,,,,1
581513,0,0.6779,,,,,,,1
581663,0,,,,,-0.0376,,,1
581815,0,,,,,,,0.4824,1
581965,0,,,,,,0.0464,,1
582116,0,,,,25.4723,,,,1
582244,0,,,2.8081,,,,,1
582372,0,0.6779,,,,,,,1
582500,0,,,2.8079,,,,,1
582651,0,,,,,-0.0376,,,1
582801,0,,,,,,,0.4824,1
582952,0,,,,,,0.0464,,1
583103,0,,,,25.4723,,,,1
583231,0,0.6779,,,,,,,1
583359,0,,,2.8073,,,,,1
583487,0,0.6779,,,,,,,1
583637,0,,,,,-0.0376,,,1
583788,0,,,,,,,0.4824,1
583939,0,,,,,,0.0466,,1
584090,0,,,,25.4723,,,,1
584218,0,,,2.8069,,,,,1
584346,0,0.6779,,,,,,,1
584474,0,,,2.8067,,,,,1
584624,0,,,,,-0.0374,,,1
584775,0,,,,,,,0.4827,1
584926,0,,,,,,0.0466,,1
585077,0,,,,25.4723,,,,1
585205,0,0.6779,,,,,,,1
585333,0,,,2.8061,,,,,1
585461,0,0.6779,,,,,,,1
585611,0,,,,,-0.0374,,,1
585762,0,,,,,,,0.4827,1
585913,0,,,,,,0.0466,,1
586064,0,,,,25.4723,,,,1
586192,0,,,2.8055,,,,,1
586320,0,0.6779,,,,,,,1
586448,0,,,2.8051,,,,,1
586598,0,,,,,-0.0376,,,1
586749,0,,,,,,,0.4824,1
586900,0,,,,,,0.0464,,1
587051,0,,,,25.4723,,,,1
587179,0,0.6779,,,,,,,1
587307,0,,,2.8044,,,,,1
587435,0,0.6779,,,,,,,1
587585,0,,,,,-0.0374,,,1
587736,0,,,,,,,0.4824,1
587887,0,,,,,,0.0466,,1
588038,0,,,,25.4723,,,,1
588166,0,,,2.8039,,,,,1
588294,0,0.6779,,,,,,,1
588422,0,,,2.8035,,,,,1
588550,0,0.6779,,,,,,,1
588700,0,,,,,-0.0374,,,1
588851,0,,,,,,,0.4824,1
589002,0,,,,,,0.0466,,1
589153,0,,,,25.4723,,,,1
589281,0,,,2.8029,,,,,1
589409,0,0.6779,,,,,,,1
589537,0,,,2.8025,,,,,1
589688,0,,,,,-0.0376,,,1
589839,0,,,,,,,0.4824,1
589990,0,,,,,,0.0466,,1
590141,0,,,,25.4723,,,,1
590270,0,0.6779,,,,,,,1
590398,0,,,2.8021,,,,,1
590526,0,0.6779,,,,,,,1
590676,0,,,,,-0.0374,,,1
590827,0,,,,,,,0.4824,1
590978,0,,,,,,0.0466,,1
591129,0,,,,25.4723,,,,1
591257,0,,,2.8012,,,,,1
591385,0,0.6779,,,,,,,1
591513,0,,,2.8010,,,,,1
591663,0,,,,,-0.0374,,,1
591814,0,,,,,,,0.4824,1
591965,0,,,,,,0.0466,,1
592116,0,,,,25.4723,,,,1
592244,0,0.6779,,,,,,,1
592372,0,,,2.8001,,,,,1
592500,0,0.6779,,,,,,,1
592650,0,,,,,-0.0374,,,1
592801,0,,,,,,,0.4824,1
592952,0,,,,,,0.0466,,1
593103,0,,,,25.4753,,,,1
593231,0,,,2.7993,,,,,1
593359,0,0.6779,,,,,,,1
593487,0,,,2.7993,,,,,1
593637,0,,,,,-0.0374,,,1
593788,0,,,,,,,0.4824,1
593939,0,,,,,,0.0466,,1
594090,0,,,,25.4723,,,,1
594218,0,0.6779,,,,,,,1
594346,0,,,2.7982,,,,,1
594474,0,0.6779,,,,,,,1
594624,0,,,,,-0.0374,,,1
594775,0,,,,,,,0.4827,1
594926,0,,,,,,0.0466,,1
595077,0,,,,25.4753,,,,1
595205,0,,,2.7974,,,,,1
595333,0,0.6779,,,,,,,1
595461,0,,,2.7971,,,,,1
595611,0,,,,,-0.0376,,,1
595762,0,,,,,,,0.4824,1
595913,0,,,,,,0.0464,,1
596064,0,,,,25.4753,,,,1
596192,0,0.6779,,,,,,,1
596320,0,,,2.7963,,,,,1
596448,0,0.6779,,,,,,,1
596598,0,,,,,-0.0374,,,1
596749,0,,,,,,,0.4824,1
596900,0,,,,,,0.0466,,1
597051,0,,,,25.4723,,,,1
597179,0,,,2.7954,,,,,1
597307,0,0.6779,,,,,,,1
597435,0,,,2.7951,,,,,1
597585,0,,,,,-0.0374,,,1
597736,0,,,,,,,0.4827,1
597887,0,,,,,,0.0466,,1
598038,0,,,,25.4723,,,,1
598166,0,0.6777,,,,,,,1
598294,0,,,2.7940,,,,,1
598423,0,0.6777,,,,,,,1
598551,0,,,2.7938,,,,,1
598701,0,,,,,-0.0374,,,1
598852,0,,,,,,,0.4827,1
599003,0,,,,,,0.0466,,1
599154,0,,,,25.4723,,,,1
599282,0,0.6779,,,,,,,1
599410,0,,,2.7929,,,,,1
599538,0,0.6779,,,,,,,1
599688,0,,,,,-0.0374,,,1
599839,0,,,,,,,0.4824,1
599990,0,,,,,,0.0466,,1
600141,0,,,,25.4753,,,,1
600269,0,,,2.7920,,,,,1
600397,0,0.6779,,,,,,,1
600525,0,,,2.7919,,,,,1
600675,0,,,,,-0.0374,,,1
600826,0,,,,,,,0.4824,1
600977,0,,,,,,0.0466,,1
601128,0,,,,25.4753,,,,1
601256,0,0.6777,,,,,,,1
601384,0,,,2.7907,,,,,1
601512,0,0.6779,,,,,,,1
601662,0,,,,,-0.0376,,,1
601813,0,,,,,,,0.4824,1
601964,0,,,,,,0.0464,,1
602115,0,,,,25.4753,,,,1
602243,0,,,2.7896,,,,,1
602371,0,0.6779,,,,,,,1
602499,0,,,2.7894,,,,,1
602649,0,,,,,-0.0376,,,1
602800,0,,,,,,,0.4824,1
602951,0,,,,,,0.0464,,1
603102,0,,,,25.4753,,,,1
603230,0,0.6779,,,,,,,1
603358,0,,,2.7885,,,,,1
603486,0,0.6777,,,,,,,1
603636,0,,,,,-0.0376,,,1
603787,0,,,,,,,0.4824,1
603938,0,,,,,,0.0464,,1
604089,0,,,,25.4753,,,,1
604217,0,,,2.7875,,,,,1
604345,0,0.6779,,,,,,,1
604473,0,,,2.7873,,,,,1
604623,0,,,,,-0.0374,,,1
604774,0,,,,,,,0.4824,1
604925,0,,,,,,0.0466,,1
605076,0,,,,25.4753,,,,1
605204,0,0.6779,,,,,,,1
605333,0,,,2.7861,,,,,1
605461,0,0.6779,,,,,,,1
605611,0,,,,,-0.0374,,,1
605762,0,,,,,,,0.4824,1
605913,0,,,,,,0.0466,,1
606064,0,,,,25.4753,,,,1
606192,0,,,2.7852,,,,,1
606320,0,0.6779,,,,,,,1
606448,0,,,2.7849,,,,,1
606598,0,,,,,-0.0374,,,1
606749,0,,,,,,,0.4824,1
606900,0,,,,,,0.0466,,1
607051,0,,,,25.4753,,,,1
607179,0,0.6779,,,,,,,1
607307,0,,,2.7839,,,,,1
607435,0,0.6777,,,,,,,1
607585,0,,,,,-0.0374,,,1
607736,0,,,,,,,0.4827,1
607887,0,,,,,,0.0466,,1
608038,0,,,,25.4753,,,,1
608166,0,,,2.7829,,,,,1
608294,0,0.6779,,,,,,,1
608422,0,,,2.7824,,,,,1
608550,0,0.6779,,,,,,,1
608700,0,,,,,-0.0374,,,1
608851,0,,,,,,,0.4824,1
609002,0,,,,,,0.0466,,1
609153,0,,,,25.4753,,,,1
609281,0,,,2.7815,,,,,1
609409,0,0.6777,,,,,,,1
609537,0,,,2.7811,,,,,1
609687,0,,,,,-0.0374,,,1
609838,0,,,,,,,0.4824,1
609989,0,,,,,,0.0466,,1
610140,0,,,,25.4753,,,,1
610268,0,0.6777,,,,,,,1
610396,0,,,2.7799,,,,,1
610524,0,0.6777,,,,,,,1
610674,0,,,,,-0.0374,,,1
610825,0,,,,,,,0.4824,1
610976,0,,,,,,0.0466,,1
611127,0,,,,25.4753,,,,1
611255,0,,,2.7791,,,,,1
611383,0,0.6779,,,,,,,1
611511,0,,,2.7786,,,,,1
611661,0,,,,,-0.0374,,,1
611812,0,,,,,,,0.4824,1
611963,0,,,,,,0.0466,,1
612114,0,,,,25.4783,,,,1
612242,0,0.6777,,,,,,,1
612370,0,,,2.7774,,,,,1
612498,0,0.6777,,,,,,,1
612648,0,,,,,-0.0374,,,1
612799,0,,,,,,,0.4824,1
612950,0,,,,,,0.0466,,1
613101,0,,,,25.4753,,,,1
613229,0,,,2.7764,,,,,1
613357,0,0.6779,,,,,,,1
613486,0,,,2.7761,,,,,1
613636,0,,,,,-0.0374,,,1
613787,0,,,,,,,0.4824,1
613938,0,,,,,,0.0464,,1
614090,0,,,,25.4753,,,,1
614218,0,0.6779,,,,,,,1
614346,0,,,2.7750,,,,,1
614474,0,0.6777,,,,,,,1
614624,0,,,,,-0.0374,,,1
614775,0,,,,,,,0.4824,1
614926,0,,,,,,0.0466,,1
615077,0,,,,25.4783,,,,1
615205,0,,,2.7740,,,,,1
615333,0,0.6777,,,,,,,1
615461,0,,,2.7735,,,,,1
615611,0,,,,,-0.0374,,,1
615762,0,,,,,,,0.4824,1
615913,0,,,,,,0.0466,,1
616064,0,,,,25.4753,,,,1
616192,0,0.6777,,,,,,,1
616320,0,,,2.7726,,,,,1
616448,0,0.6777,,,,,,,1
616598,0,,,,,-0.0374,,,1
616749,0,,,,,,,0.4824,1
616900,0,,,,,,0.0464,,1
617051,0,,,,25.4753,,,,1
617179,0,,,2.7714,,,,,1
617307,0,0.6777,,,,,,,1
617435,0,,,2.7710,,,,,1
617585,0,,,,,-0.0374,,,1
617736,0,,,,,,,0.4824,1
617887,0,,,,,,0.0466,,1
618038,0,,,,25.4783,,,,1
618167,0,0.6777,,,,,,,1
618295,0,,,2.7701,,,,,1
618423,0,0.6777,,,,,,,1
618551,0,,,2.7699,,,,,1
618701,0,,,,,-0.0374,,,1
618852,0,,,,,,,0.4824,1
619003,0,,,,,,0.0466,,1
619154,0,,,,25.4783,,,,1
619282,0,0.6777,,,,,,,1
619410,0,,,2.7689,,,,,1
619539,0,0.6777,,,,,,,1
619689,0,,,,,-0.0374,,,1
619840,0,,,,,,,0.4824,1
619991,0,,,,,,0.0466,,1
620143,0,,,,25.4783,,,,1
620271,0,,,2.7677,,,,,1
620399,0,0.6777,,,,,,,1
620527,0,,,2.7674,,,,,1
620677,0,,,,,-0.0374,,,1
620828,0,,,,,,,0.4824,1
620979,0,,,,,,0.0466,,1
621130,0,,,,25.4783,,,,1
621258,0,0.6777,,,,,,,1
621386,0,,,2.7665,,,,,1
621514,0,0.6777,,,,,,,1
621664,0,,,,,-0.0374,,,1
621815,0,,,,,,,0.4824,1
621966,0,,,,,,0.0466,,1
622117,0,,,,25.4783,,,,1
622245,0,,,2.7655,,,,,1
622373,0,0.6777,,,,,,,1
622501,0,,,2.7651,,,,,1
622651,0,,,,,-0.0374,,,1
622802,0,,,,,,,0.4824,1
622953,0,,,,,,0.0466,,1
623104,0,,,,25.4783,,,,1
623232,0,0.6777,,,,,,,1
623360,0,,,2.7641,,,,,1
623488,0,0.6777,,,,,,,1
623638,0,,,,,-0.0374,,,1
623789,0,,,,,,,0.4824,1
623940,0,,,,,,0.0466,,1
624091,0,,,,25.4783,,,,1
624219,0,,,2.7633,,,,,1
624347,0,0.6777,,,,,,,1
624475,0,,,2.7630,,,,,1
624625,0,,,,,-0.0374,,,1
624776,0,,,,,,,0.4824,1
624927,0,,,,,,0.0466,,1
625078,0,,,,25.4783,,,,1
625206,0,0.6777,,,,,,,1
625334,0,,,2.7620,,,,,1
625462,0,0.6777,,,,,,,1
625612,0,,,,,-0.0374,,,1
625763,0,,,,,,,0.4824,1
625914,0,,,,,,0.0466,,1
626065,0,,,,25.4783,,,,1
626193,0,,,2.7609,,,,,1
626321,0,0.6777,,,,,,,1
626449,0,,,2.7605,,,,,1
626599,0,,,,,-0.0374,,,1
626750,0,,,,,,,0.4824,1
626901,0,,,,,,0.0466,,1
627052,0,,,,25.4783,,,,1
627180,0,0.6777,,,,,,,1
627308,0,,,2.7597,,,,,1
627436,0,0.6777,,,,,,,1
627586,0,,,,,-0.0374,,,1
627737,0,,,,,,,0.4822,1
627888,0,,,,,,0.0466,,1
628039,0,,,,25.4783,,,,1
628167,0,,,2.7589,,,,,1
628296,0,0.6777,,,,,,,1
628424,0,,,2.7586,,,,,1
628551,0,0.6777,,,,,,,1
628702,0,,,,,-0.0376,,,1
628853,0,,,,,,,0.4824,1
629004,0,,,,,,0.0466,,1
629155,0,,,,25.4783,,,,1
629283,0,,,2.7578,,,,,1
629411,0,0.6777,,,,,,,1
629539,0,,,2.7574,,,,,1
629689,0,,,,,-0.0374,,,1
629840,0,,,,,,,0.4822,1
629991,0,,,,,,0.0464,,1
630142,0,,,,25.4783,,,,1
630270,0,0.6777,,,,,,,1
630398,0,,,2.7566,,,,,1
630526,0,0.6777,,,,,,,1
630676,0,,,,,-0.0376,,,1
630827,0,,,,,,,0.4824,1
630978,0,,,,,,0.0464,,1
631129,0,,,,25.4783,,,,1
631257,0,,,2.7555,,,,,1
631385,0,0.6777,,,,,,,1
631513,0,,,2.7555,,,,,1
631663,0,,,,,-0.0374,,,1
631814,0,,,,,,,0.4824,1
631965,0,,,,,,0.0466,,1
632116,0,,,,25.4783,,,,1
632244,0,0.6777,,,,,,,1
632372,0,,,2.7549,,,,,1
632500,0,0.6777,,,,,,,1
632650,0,,,,,-0.0374,,,1
632801,0,,,,,,,0.4824,1
632952,0,,,,,,0.0466,,1
633103,0,,,,25.4783,,,,1
633231,0,,,2.7541,,,,,1
633359,0,0.6777,,,,,,,1
633487,0,,,2.7539,,,,,1
633637,0,,,,,-0.0376,,,1
633788,0,,,,,,,0.4824,1
633939,0,,,,,,0.0466,,1
634090,0,,,,25.4783,,,,1
634218,0,0.6777,,,,,,,1
634346,0,,,2.7530,,,,,1
634475,0,0.6777,,,,,,,1
634625,0,,,,,-0.0374,,,1
634776,0,,,,,,,0.4824,1
634927,0,,,,,,0.0466,,1
635079,0,,,,25.4783,,,,1
635207,0,,,2.7524,,,,,1
635335,0,0.6777,,,,,,,1
635463,0,,,2.7522,,,,,1
635613,0,,,,,-0.0374,,,1
635764,0,,,,,,,0.4824,1
635915,0,,,,,,0.0466,,1
636066,0,,,,25.4813,,,,1
636194,0,0.6777,,,,,,,1
636322,0,,,2.7515,,,,,1
636450,0,0.6777,,,,,,,1
636600,0,,,,,-0.0374,,,1
636751,0,,,,,,,0.4824,1
636902,0,,,,,,0.0466,,1
637053,0,,,,25.4813,,,,1
637181,0,,,2.7509,,,,,1
637309,0,0.6777,,,,,,,1
637437,0,,,2.7506,,,,,1
637587,0,,,,,-0.0374,,,1
637738,0,,,,,,,0.4824,1
637889,0,,,,,,0.0466,,1
638040,0,,,,25.4813,,,,1
638168,0,0.6777,,,,,,,1
638296,0,,,2.7499,,,,,1
638424,0,0.6777,,,,,,,1
638552,0,,,2.7496,,,,,1
638702,0,,,,,-0.0374,,,1
638853,0,,,,,,,0.4824,1
639004,0,,,,,,0.0466,,1
639155,0,,,,25.4813,,,,1
639283,0,0.6777,,,,,,,1
639411,0,,,2.7491,,,,,1
639539,0,0.6777,,,,,,,1
639689,0,,,,,-0.0376,,,1
639840,0,,,,,,,0.4824,1
639991,0,,,,,,0.0466,,1
640142,0,,,,25.4813,,,,1
640270,0,,,2.7486,,,,,1
640398,0,0.6777,,,,,,,1
640526,0,,,2.7482,,,,,1
640676,0,,,,,-0.0376,,,1
640827,0,,,,,,,0.4822,1
640978,0,,,,,,0.0464,,1
641129,0,,,,25.4783,,,,1
641257,0,0.6777,,,,,,,1
641385,0,,,2.7477,,,,,1
641513,0,0.6777,,,,,,,1
641663,0,,,,,-0.0376,,,1
641814,0,,,,,,,0.4822,1
641965,0,,,,,,0.0464,,1
642116,0,,,,25.4813,,,,1
642244,0,,,2.7473,,,,,1
642372,0,0.6777,,,,,,,1
642501,0,,,2.7470,,,,,1
642651,0,,,,,-0.0376,,,1
642802,0,,,,,,,0.4824,1
642953,0,,,,,,0.0464,,1
643104,0,,,,25.4813,,,,1
643232,0,0.6777,,,,,,,1
643360,0,,,2.7464,,,,,1
643488,0,0.6777,,,,,,,1
643638,0,,,,,-0.0374,,,1
643789,0,,,,,,,0.4824,1
643940,0,,,,,,0.0466,,1
644091,0,,,,25.4813,,,,1
644219,0,,,2.7461,,,,,1
644347,0,0.6777,,,,,,,1
644475,0,,,2.7460,,,,,1
644625,0,,,,,-0.0374,,,1
644776,0,,,,,,,0.4824,1
644927,0,,,,,,0.0466,,1
645078,0,,,,25.4813,,,,1
645206,0,0.6777,,,,,,,1
645334,0,,,2.7455,,,,,1
645462,0,0.6777,,,,,,,1
645612,0,,,,,-0.0374,,,1
645763,0,,,,,,,0.4822,1
645914,0,,,,,,0.0466,,1
646065,0,,,,25.4813,,,,1
646193,0,,,2.7449,,,,,1
646321,0,0.6777,,,,,,,1
646449,0,,,2.7448,,,,,1
646599,0,,,,,-0.0374,,,1
646750,0,,,,,,,0.4824,1
646901,0,,,,,,0.0464,,1
647052,0,,,,25.4813,,,,1
647180,0,0.6777,,,,,,,1
647308,0,,,2.7444,,,,,1
647436,0,0.6777,,,,,,,1
647586,0,,,,,-0.0376,,,1
647737,0,,,,,,,0.4822,1
647888,0,,,,,,0.0464,,1
648039,0,,,,25.4813,,,,1
648167,0,,,2.7441,,,,,1
648295,0,0.6777,,,,,,,1
648423,0,,,2.7439,,,,,1
648551,0,0.6777,,,,,,,1
648701,0,,,,,-0.0376,,,1
648852,0,,,,,,,0.4822,1
649003,0,,,,,,0.0464,,1
649154,0,,,,25.4813,,,,1
649282,0,,,2.7435,,,,,1
649410,0,0.6777,,,,,,,1
649538,0,,,2.7433,,,,,1
649688,0,,,,,-0.0374,,,1
649839,0,,,,,,,0.4824,1
649990,0,,,,,,0.0466,,1
650141,0,,,,25.4813,,,,1
650269,0,0.6777,,,,,,,1
650397,0,,,2.7430,,,,,1
650525,0,0.6777,,,,,,,1
650675,0,,,,,-0.0374,,,1
650826,0,,,,,,,0.4824,1
650977,0,,,,,,0.0466,,1
651128,0,,,,25.4813,,,,1
651256,0,,,2.7429,,,,,1
651384,0,0.6777,,,,,,,1
651512,0,,,2.7426,,,,,1
651662,0,,,,,-0.0374,,,1
651813,0,,,,,,,0.4824,1
651964,0,,,,,,0.0466,,1
652115,0,,,,25.4813,,,,1
652243,0,0.6777,,,,,,,1
652371,0,,,2.7420,,,,,1
652499,0,0.6777,,,,,,,1
652649,0,,,,,-0.0374,,,1
652800,0,,,,,,,0.4824,1
652951,0,,,,,,0.0466,,1
653102,0,,,,25.4813,,,,1
653230,0,,,2.7420,,,,,1
653358,0,0.6777,,,,,,,1
653486,0,,,2.7418,,,,,1
653637,0,,,,,-0.0374,,,1
653788,0,,,,,,,0.4824,1
653939,0,,,,,,0.0466,,1
654090,0,,,,25.4813,,,,1
654218,0,0.6777,,,,,,,1
654346,0,,,2.7415,,,,,1
654474,0,0.6777,,,,,,,1
654624,0,,,,,-0.0374,,,1
654775,0,,,,,,,0.4824,1
654926,0,,,,,,0.0466,,1
655077,0,,,,25.4843,,,,1
655205,0,,,2.7412,,,,,1
655333,0,0.6777,,,,,,,1
655461,0,,,2.7411,,,,,1
655611,0,,,,,-0.0376,,,1
655762,0,,,,,,,0.4822,1
655913,0,,,,,,0.0466,,1
656064,0,,,,25.4843,,,,1
656192,0,0.6777,,,,,,,1
656320,0,,,2.7408,,,,,1
656448,0,0.6777,,,,,,,1
656598,0,,,,,-0.0376,,,1
656749,0,,,,,,,0.4824,1
656900,0,,,,,,0.0466,,1
657051,0,,,,25.4813,,,,1
657179,0,,,2.7404,,,,,1
657307,0,0.6777,,,,,,,1
657435,0,,,2.7404,,,,,1
657585,0,,,,,-0.0374,,,1
657736,0,,,,,,,0.4824,1
657887,0,,,,,,0.0466,,1
658038,0,,,,25.4843,,,,1
658166,0,0.6777,,,,,,,1
658294,0,,,2.7401,,,,,1
658422,0,0.6777,,,,,,,1
658550,0,,,2.7400,,,,,1
658700,0,,,,,-0.0374,,,1
658851,0,,,,,,,0.4824,1
659002,0,,,,,,0.0466,,1
659153,0,,,,25.4813,,,,1
659281,0,0.6777,,,,,,,1
659409,0,,,2.7396,,,,,1
659537,0,0.6777,,,,,,,1
659687,0,,,,,-0.0376,,,1
659838,0,,,,,,,0.4824,1
659989,0,,,,,,0.0466,,1
660140,0,,,,25.4843,,,,1
660268,0,,,2.7394,,,,,1
660396,0,0.6777,,,,,,,1
660524,0,,,2.7394,,,,,1
660675,0,,,,,-0.0374,,,1
660825,0,,,,,,,0.4824,1
660976,0,,,,,,0.0466,,1
661127,0,,,,25.4843,,,,1
661255,0,0.6776,,,,,,,1
661383,0,,,2.7391,,,,,1
661511,0,0.6777,,,,,,,1
661661,0,,,,,-0.0374,,,1
661812,0,,,,,,,0.4822,1
661963,0,,,,,,0.0466,,1
662114,0,,,,25.4843,,,,1
662242,0,,,2.7387,,,,,1
662370,0,0.6777,,,,,,,1
662498,0,,,2.7387,,,,,1
662648,0,,,,,-0.0374,,,1
662799,0,,,,,,,0.4824,1
662950,0,,,,,,0.0466,,1
663101,0,,,,25.4843,,,,1
663229,0,0.6777,,,,,,,1
663357,0,,,2.7387,,,,,1
663485,0,0.6776,,,,,,,1
663635,0,,,,,-0.0374,,,1
663786,0,,,,,,,0.4824,1
663937,0,,,,,,0.0466,,1
664088,0,,,,25.4843,,,,1
664216,0,,,2.7385,,,,,1
664344,0,0.6777,,,,,,,1
664472,0,,,2.7381,,,,,1
664622,0,,,,,-0.0374,,,1
664773,0,,,,,,,0.4824,1
664924,0,,,,,,0.0466,,1
665075,0,,,,25.4843,,,,1
665203,0,0.6777,,,,,,,1
665331,0,,,2.7381,,,,,1
665459,0,0.6777,,,,,,,1
665609,0,,,,,-0.0374,,,1
665760,0,,,,,,,0.4822,1
665911,0,,,,,,0.0466,,1
666062,0,,,,25.4843,,,,1
666190,0,,,2.7379,,,,,1
666318,0,0.6776,,,,,,,1
666446,0,,,2.7378,,,,,1
666596,0,,,,,-0.0376,,,1
666747,0,,,,,,,0.4824,1
666898,0,,,,,,0.0466,,1
667049,0,,,,25.4843,,,,1
667177,0,0.6777,,,,,,,1
667305,0,,,2.7376,,,,,1
667433,0,0.6777,,,,,,,1
667583,0,,,,,-0.0376,,,1
667734,0,,,,,,,0.4822,1
667885,0,,,,,,0.0464,,1
668036,0,,,,25.4843,,,,1
668164,0,,,2.7374,,,,,1
668292,0,0.6777,,,,,,,1
668420,0,,,2.7370,,,,,1
668548,0,0.6777,,,,,,,1
668698,0,,,,,-0.0376,,,1
668849,0,,,,,,,0.4824,1
669000,0,,,,,,0.0466,,1
669151,0,,,,25.4843,,,,1
669279,0,,,2.7370,,,,,1
669407,0,0.6776,,,,,,,1
669535,0,,,2.7369,,,,,1
669685,0,,,,,-0.0376,,,1
669836,0,,,,,,,0.4820,1
669987,0,,,,,,0.0464,,1
670138,0,,,,25.4843,,,,1
670266,0,0.6777,,,,,,,1
670394,0,,,2.7369,,,,,1
670522,0,0.6776,,,,,,,1
670672,0,,,,,-0.0376,,,1
670823,0,,,,,,,0.4822,1
670974,0,,,,,,0.0464,,1
671125,0,,,,25.4843,,,,1
671253,0,,,2.7368,,,,,1
671381,0,0.6777,,,,,,,1
671509,0,,,2.7366,,,,,1
671659,0,,,,,-0.0376,,,1
671810,0,,,,,,,0.4822,1
671961,0,,,,,,0.0464,,1
672112,0,,,,25.4843,,,,1
672240,0,0.6777,,,,,,,1
672368,0,,,2.7365,,,,,1
672496,0,0.6777,,,,,,,1
672647,0,,,,,-0.0376,,,1
672798,0,,,,,,,0.4824,1
672949,0,,,,,,0.0464,,1
673100,0,,,,25.4843,,,,1
673228,0,,,2.7362,,,,,1
673356,0,0.6776,,,,,,,1
673484,0,,,2.7362,,,,,1
673634,0,,,,,-0.0376,,,1
673785,0,,,,,,,0.4822,1
673936,0,,,,,,0.0464,,1
674087,0,,,,25.4843,,,,1
674215,0,0.6777,,,,,,,1
674343,0,,,2.7359,,,,,1
674471,0,0.6776,,,,,,,1
674621,0,,,,,-0.0376,,,1
674772,0,,,,,,,0.4822,1
674923,1,,,,,,0.0464,,1
675074,1,,,,25.4873,,,,1
675202,1,,,2.7362,,,,,1
675330,1,0.6776,,,,,,,1
675458,1,,,2.7366,,,,,1
675608,1,,,,,-0.0376,,,1
675759,1,,,,,,,-0.7023,1
675910,1,,,,,,0.0466,,1
676061,1,,,,25.4873,,,,1
676189,1,0.6776,,,,,,,1
676317,1,,,2.7366,,,,,1
676445,1,0.6776,,,,,,,1
676595,1,,,,,-0.0374,,,1
676746,1,,,,,,,-0.7026,1
676897,1,,,,,,0.0464,,1
677048,1,,,,25.4873,,,,1
677176,1,,,2.7368,,,,,1
677304,1,0.6776,,,,,,,1
677432,1,,,2.7366,,,,,1
677582,1,,,,,-0.0374,,,1
677733,1,,,,,,,-0.7026,1
677884,1,,,,,,0.0466,,1
678035,1,,,,25.4873,,,,1
678163,1,0.6776,,,,,,,1
678291,1,,,2.7369,,,,,1
678419,1,0.6776,,,,,,,1
678547,1,,,2.7369,,,,,1
678697,1,,,,,-0.0374,,,1
678848,1,,,,,,,-0.7026,1
678999,1,,,,,,0.0464,,1
679150,1,,,,25.4873,,,,1
679278,1,0.6776,,,,,,,1
679406,1,,,2.7370,,,,,1
679534,1,0.6776,,,,,,,1
679685,1,,,,,-0.0374,,,1
679835,1,,,,,,,-0.7023,1
679986,1,,,,,,0.0466,,1
680137,1,,,,25.4873,,,,1
680265,1,,,2.7372,,,,,1
680393,1,0.6776,,,,,,,1
680521,1,,,2.7372,,,,,1
680671,1,,,,,-0.0376,,,1
680822,1,,,,,,,-0.7026,1
680973,1,,,,,,0.0464,,1
681124,1,,,,25.4873,,,,1
681252,1,0.6776,,,,,,,1
681380,1,,,2.7375,,,,,1
681508,1,0.6776,,,,,,,1
681658,1,,,,,-0.0376,,,1
681809,1,,,,,,,-0.7026,1
681960,1,,,,,,0.0464,,1
682111,1,,,,25.4873,,,,1
682239,1,,,2.7375,,,,,1
682367,1,0.6776,,,,,,,1
682495,1,,,2.7376,,,,,1
682645,1,,,,,-0.0376,,,1
682796,1,,,,,,,-0.7026,1
682947,1,,,,,,0.0464,,1
683098,1,,,,25.4873,,,,1
683226,1,0.6776,,,,,,,1
683354,1,,,2.7376,,,,,1
683482,1,0.6776,,,,,,,1
683632,1,,,,,-0.0376,,,1
683783,1,,,,,,,-0.7026,1
683934,1,,,,,,0.0464,,1
684085,1,,,,25.4873,,,,1
684213,1,,,2.7378,,,,,1
684341,1,0.6776,,,,,,,1
684469,1,,,2.7379,,,,,1
684619,1,,,,,-0.0376,,,1
684770,1,,,,,,,-0.7028,1
684921,1,,,,,,0.0464,,1
685072,1,,,,25.4873,,,,1
685200,1,0.6776,,,,,,,1
685328,1,,,2.7379,,,,,1
685456,1,0.6776,,,,,,,1
685606,1,,,,,-0.0376,,,1
685757,1,,,,,,,-0.7026,1
685908,1,,,,,,0.0464,,1
686059,1,,,,25.4873,,,,1
686187,1,,,2.7380,,,,,1
686315,1,0.6776,,,,,,,1
686443,1,,,2.7381,,,,,1
686593,1,,,,,-0.0376,,,1
686744,1,,,,,,,-0.7026,1
686895,1,,,,,,0.0464,,1
687046,1,,,,25.4873,,,,1
687174,1,0.6776,,,,,,,1
687302,1,,,2.7380,,,,,1
687430,1,0.6776,,,,,,,1
687558,1,,,2.7381,,,,,1
687708,1,,,,,-0.0374,,,1
687859,1,,,,,,,-0.7023,1
688010,1,,,,,,0.0466,,1
688161,1,,,,25.4873,,,,1
688289,1,0.6777,,,,,,,1
688417,1,,,2.7380,,,,,1
688545,1,0.6776,,,,,,,1
688695,1,,,,,-0.0374,,,1
688846,1,,,,,,,-0.7023,1
688997,1,,,,,,0.0466,,1
689148,1,,,,25.4873,,,,1
689276,1,,,2.7382,,,,,1
689404,1,0.6776,,,,,,,1
689532,1,,,2.7381,,,,,1
689682,1,,,,,-0.0374,,,1
689833,1,,,,,,,-0.7026,1
689984,1,,,,,,0.0464,,1
690135,1,,,,25.4873,,,,1
690263,1,0.6775,,,,,,,1
690391,1,,,2.7381,,,,,1
690519,1,0.6776,,,,,,,1
690669,1,,,,,-0.0374,,,1
690820,1,,,,,,,-0.7026,1
690971,1,,,,,,0.0466,,1
691122,1,,,,25.4873,,,,1
691250,1,,,2.7382,,,,,1
691379,1,0.6776,,,,,,,1
691506,1,,,2.7381,,,,,1
691657,1,,,,,-0.0374,,,1
691808,1,,,,,,,-0.7026,1
691959,1,,,,,,0.0466,,1
692110,1,,,,25.4903,,,,1
692238,1,0.6776,,,,,,,1
692366,1,,,2.7381,,,,,1
692494,1,0.6776,,,,,,,1
692644,1,,,,,-0.0376,,,1
692795,1,,,,,,,-0.7026,1
692946,1,,,,,,0.0464,,1
693097,1,,,,25.4903,,,,1
693225,1,,,2.7380,,,,,1
693353,1,0.6776,,,,,,,1
693481,1,,,2.7380,,,,,1
693631,1,,,,,-0.0374,,,1
693782,1,,,,,,,-0.7026,1
693933,1,,,,,,0.0466,,1
694084,1,,,,25.4903,,,,1
694212,1,0.6776,,,,,,,1
694340,1,,,2.7381,,,,,1
694468,1,0.6776,,,,,,,1
694618,1,,,,,-0.0374,,,1
694769,1,,,,,,,-0.7023,1
694920,1,,,,,,0.0466,,1
695071,1,,,,25.4903,,,,1
695199,1,,,2.7382,,,,,1
695327,1,0.6776,,,,,,,1
695455,1,,,2.7384,,,,,1
695605,1,,,,,-0.0376,,,1
695756,1,,,,,,,-0.7023,1
695907,1,,,,,,0.0466,,1
696058,1,,,,25.4903,,,,1
696186,1,0.6776,,,,,,,1
696314,1,,,2.7384,,,,,1
696442,1,0.6776,,,,,,,1
696592,1,,,,,-0.0374,,,1
696743,1,,,,,,,-0.7023,1
696894,1,,,,,,0.0466,,1
697045,1,,,,25.4903,,,,1
697173,1,,,2.7386,,,,,1
697301,1,0.6776,,,,,,,1
697429,1,,,2.7386,,,,,1
697557,1,0.6776,,,,,,,1
697707,1,,,,,-0.0374,,,1
697858,1,,,,,,,-0.7026,1
698009,1,,,,,,0.0466,,1
698160,1,,,,25.4903,,,,1
698288,1,,,2.7389,,,,,1
698416,1,0.6776,,,,,,,1
698544,1,,,2.7387,,,,,1
698695,1,,,,,-0.0374,,,1
698845,1,,,,,,,-0.7023,1
698996,1,,,,,,0.0466,,1
699147,1,,,,25.4903,,,,1
699275,1,0.6776,,,,,,,1
699403,1,,,2.7391,,,,,1
699531,1,0.6777,,,,,,,1
699682,1,,,,,-0.0374,,,1
699833,1,,,,,,,-0.7026,1
699984,1,,,,,,0.0466,,1
700135,1,,,,25.4903,,,,1
700263,1,,,2.7396,,,,,1
700391,1,0.6776,,,,,,,1
700519,1,,,2.7396,,,,,1
700669,1,,,,,-0.0374,,,1
700820,1,,,,,,,-0.7026,1
700971,1,,,,,,0.0466,,1
701122,1,,,,25.4903,,,,1
701250,1,0.6776,,,,,,,1
701378,1,,,2.7399,,,,,1
701506,1,0.6776,,,,,,,1
701656,1,,,,,-0.0374,,,1
701807,1,,,,,,,-0.7023,1
701958,1,,,,,,0.0466,,1
702109,1,,,,25.4903,,,,1
702237,1,,,2.7408,,,,,1
702365,1,0.6776,,,,,,,1
702493,1,,,2.7408,,,,,1
702643,1,,,,,-0.0374,,,1
702794,1,,,,,,,-0.7023,1
702945,1,,,,,,0.0466,,1
703096,1,,,,25.4903,,,,1
703224,1,0.6777,,,,,,,1
703352,1,,,2.7414,,,,,1
703480,1,0.6776,,,,,,,1
703630,1,,,,,-0.0374,,,1
703781,1,,,,,,,-0.7023,1
703932,1,,,,,,0.0466,,1
704083,1,,,,25.4903,,,,1
704211,1,,,2.7421,,,,,1
704339,1,0.6776,,,,,,,1
704467,1,,,2.7425,,,,,1
704617,1,,,,,-0.0374,,,1
704768,1,,,,,,,-0.7023,1
704919,1,,,,,,0.0464,,1
705070,1,,,,25.4903,,,,1
705198,1,0.6776,,,,,,,1
705326,1,,,2.7433,,,,,1
705454,1,0.6776,,,,,,,1
705604,1,,,,,-0.0374,,,1
705755,1,,,,,,,-0.7026,1
705906,1,,,,,,0.0466,,1
706057,1,,,,25.4903,,,,1
706185,1,,,2.7444,,,,,1
706313,1,0.6776,,,,,,,1
706442,1,,,2.7445,,,,,1
706592,1,,,,,-0.0374,,,1
706743,1,,,,,,,-0.7026,1
706894,1,,,,,,0.0466,,1
707046,1,,,,25.4903,,,,1
707174,1,0.6777,,,,,,,1
707302,1,,,2.7456,,,,,1
707430,1,0.6776,,,,,,,1
707558,1,,,2.7459,,,,,1
707708,1,,,,,-0.0374,,,1
707859,1,,,,,,,-0.7026,1
708010,1,,,,,,0.0466,,1
708161,1,,,,25.4903,,,,1
708289,1,0.6776,,,,,,,1
708417,1,,,2.7471,,,,,1
708545,1,0.6776,,,,,,,1
708695,1,,,,,-0.0374,,,1
708846,1,,,,,,,-0.7023,1
708997,1,,,,,,0.0466,,1
709148,1,,,,25.4903,,,,1
709276,1,,,2.7484,,,,,1
709404,1,0.6776,,,,,,,1
709532,1,,,2.7488,,,,,1
709682,1,,,,,-0.0376,,,1
709833,1,,,,,,,-0.7028,1
709984,1,,,,,,0.0466,,1
710135,1,,,,25.4903,,,,1
710263,1,0.6776,,,,,,,1
710391,1,,,2.7502,,,,,1
710519,1,0.6776,,,,,,,1
710669,1,,,,,-0.0374,,,1
710820,1,,,,,,,-0.7026,1
710971,1,,,,,,0.0466,,1
711122,1,,,,25.4903,,,,1
711250,1,,,2.7516,,,,,1
711378,1,0.6777,,,,,,,1
711506,1,,,2.7521,,,,,1
711656,1,,,,,-0.0374,,,1
711807,1,,,,,,,-0.7026,1
711958,1,,,,,,0.0466,,1
712109,1,,,,25.4903,,,,1
712237,1,0.6776,,,,,,,1
712365,1,,,2.7538,,,,,1
712493,1,0.6776,,,,,,,1
712643,1,,,,,-0.0376,,,1
712794,1,,,,,,,-0.7026,1
712945,1,,,,,,0.0464,,1
713096,1,,,,25.4933,,,,1
713224,1,,,2.7555,,,,,1
713352,1,0.6776,,,,,,,1
713480,1,,,2.7557,,,,,1
713630,1,,,,,-0.0374,,,1
713781,1,,,,,,,-0.7026,1
713932,1,,,,,,0.0466,,1
714083,1,,,,25.4933,,,,1
714211,1,0.6777,,,,,,,1
714339,1,,,2.7574,,,,,1
714468,1,0.6777,,,,,,,1
714618,1,,,,,-0.0374,,,1
714769,1,,,,,,,-0.7028,1
714920,1,,,,,,0.0466,,1
715071,1,,,,25.4933,,,,1
715199,1,,,2.7593,,,,,1
715327,1,0.6776,,,,,,,1
715455,1,,,2.7597,,,,,1
715605,1,,,,,-0.0374,,,1
715756,1,,,,,,,-0.7026,1
715907,1,,,,,,0.0466,,1
716058,1,,,,25.4933,,,,1
716186,1,0.6776,,,,,,,1
716314,1,,,2.7616,,,,,1
716442,1,0.6777,,,,,,,1
716592,1,,,,,-0.0374,,,1
716743,1,,,,,,,-0.7026,1
716894,1,,,,,,0.0466,,1
717045,1,,,,25.4933,,,,1
717173,1,,,2.7635,,,,,1
717301,1,0.6777,,,,,,,1
717429,1,,,2.7640,,,,,1
717557,1,0.6777,,,,,,,1
717707,1,,,,,-0.0374,,,1
717858,1,,,,,,,-0.7023,1
718009,1,,,,,,0.0466,,1
718160,1,,,,25.4933,,,,1
718288,1,,,2.7659,,,,,1
718416,1,0.6777,,,,,,,1
718544,1,,,2.7664,,,,,1
718694,1,,,,,-0.0374,,,1
718845,1,,,,,,,-0.7026,1
718996,1,,,,,,0.0466,,1
719147,1,,,,25.4933,,,,1
719275,1,0.6777,,,,,,,1
719403,1,,,2.7682,,,,,1
719531,1,0.6777,,,,,,,1
719681,1,,,,,-0.0374,,,1
719832,1,,,,,,,-0.7021,1
719983,1,,,,,,0.0466,,1
720134,1,,,,25.4933,,,,1
720262,1,,,2.7704,,,,,1
720390,1,0.6777,,,,,,,1
720518,1,,,2.7711,,,,,1
720668,1,,,,,-0.0374,,,1
720819,1,,,,,,,-0.7023,1
720970,1,,,,,,0.0466,,1
721121,1,,,,25.4933,,,,1
721249,1,0.6777,,,,,,,1
721378,1,,,2.7725,,,,,1
721506,1,0.6777,,,,,,,1
721656,1,,,,,-0.0374,,,1
721807,1,,,,,,,-0.7021,1
721958,1,,,,,,0.0466,,1
722109,1,,,,25.4933,,,,1
722237,1,,,2.7745,,,,,1
722365,1,0.6777,,,,,,,1
722493,1,,,2.7751,,,,,1
722643,1,,,,,-0.0374,,,1
722794,1,,,,,,,-0.7023,1
722945,1,,,,,,0.0466,,1
723096,1,,,,25.4933,,,,1
723224,1,0.6777,,,,,,,1
723352,1,,,2.7771,,,,,1
723480,1,0.6777,,,,,,,1
723630,1,,,,,-0.0374,,,1
723781,1,,,,,,,-0.7026,1
723932,1,,,,,,0.0466,,1
724083,1,,,,25.4963,,,,1
724211,1,,,2.7791,,,,,1
724339,1,0.6777,,,,,,,1
724467,1,,,2.7797,,,,,1
724617,1,,,,,-0.0374,,,1
724768,1,,,,,,,-0.7026,1
724919,1,,,,,,0.0466,,1
725070,1,,,,25.4933,,,,1
725198,1,0.6777,,,,,,,1
725326,1,,,2.7815,,,,,1
725454,1,0.6777,,,,,,,1
725604,1,,,,,-0.0374,,,1
725755,1,,,,,,,-0.7026,1
725906,1,,,,,,0.0466,,1
726057,1,,,,25.4963,,,,1
726185,1,,,2.7831,,,,,1
726313,1,0.6777,,,,,,,1
726441,1,,,2.7839,,,,,1
726591,1,,,,,-0.0374,,,1
726742,1,,,,,,,-0.7026,1
726893,1,,,,,,0.0466,,1
727044,1,,,,25.4963,,,,1
727172,1,0.6777,,,,,,,1
727300,1,,,2.7859,,,,,1
727428,1,0.6777,,,,,,,1
727556,1,,,2.7864,,,,,1
727706,1,,,,,-0.0374,,,1
727857,1,,,,,,,-0.7026,1
728008,1,,,,,,0.0464,,1
728159,1,,,,25.4963,,,,1
728287,1,0.6777,,,,,,,1
728415,1,,,2.7881,,,,,1
728543,1,0.6777,,,,,,,1
728693,1,,,,,-0.0374,,,1
728844,1,,,,,,,-0.7026,1
728995,1,,,,,,0.0466,,1
729146,1,,,,25.4963,,,,1
729274,1,,,2.7901,,,,,1
729402,1,0.6777,,,,,,,1
729531,1,,,2.7906,,,,,1
729681,1,,,,,-0.0374,,,1
729832,1,,,,,,,-0.7026,1
729983,1,,,,,,0.0466,,1
730135,1,,,,25.4963,,,,1
730263,1,0.6777,,,,,,,1
730391,1,,,2.7921,,,,,1
730519,1,0.6777,,,,,,,1
730669,1,,,,,-0.0374,,,1
730820,1,,,,,,,-0.7026,1
730971,1,,,,,,0.0466,,1
731122,1,,,,25.4963,,,,1
731250,1,,,2.7940,,,,,1
731378,1,0.6779,,,,,,,1
731506,1,,,2.7945,,,,,1
731656,1,,,,,-0.0374,,,1
731807,1,,,,,,,-0.7023,1
731958,1,,,,,,0.0466,,1
732109,1,,,,25.4963,,,,1
732237,1,0.6777,,,,,,,1
732365,1,,,2.7961,,,,,1
732493,1,0.6777,,,,,,,1
732643,1,,,,,-0.0374,,,1
732794,1,,,,,,,-0.7026,1
732945,1,,,,,,0.0466,,1
733096,1,,,,25.4963,,,,1
733224,1,,,2.7979,,,,,1
733352,1,0.6777,,,,,,,1
733480,1,,,2.7982,,,,,1
733630,1,,,,,-0.0374,,,1
733781,1,,,,,,,-0.7023,1
733932,1,,,,,,0.0466,,1
734083,1,,,,25.4963,,,,1
734211,1,0.6777,,,,,,,1
734339,1,,,2.7997,,,,,1
734467,1,0.6779,,,,,,,1
734617,1,,,,,-0.0374,,,1
734768,1,,,,,,,-0.7023,1
734919,1,,,,,,0.0466,,1
735070,1,,,,25.4963,,,,1
735198,1,,,2.8012,,,,,1
735326,1,0.6779,,,,,,,1
735454,1,,,2.8018,,,,,1
735604,1,,,,,-0.0374,,,1
735755,1,,,,,,,-0.7026,1
735906,1,,,,,,0.0466,,1
736057,1,,,,25.4963,,,,1
736185,1,0.6777,,,,,,,1
736313,1,,,2.8033,,,,,1
736441,1,0.6777,,,,,,,1
736591,1,,,,,-0.0374,,,1
736742,1,,,,,,,-0.7026,1
736893,1,,,,,,0.0466,,1
737044,1,,,,25.4963,,,,1
737172,1,,,2.8046,,,,,1
737300,1,0.6777,,,,,,,1
737428,1,,,2.8049,,,,,1
737556,1,0.6779,,,,,,,1
737706,1,,,,,-0.0374,,,1
737857,1,,,,,,,-0.7023,1
738008,1,,,,,,0.0466,,1
738159,1,,,,25.4963,,,,1
738287,1,,,2.8064,,,,,1
738415,1,0.6777,,,,,,,1
738543,1,,,2.8067,,,,,1
738693,1,,,,,-0.0374,,,1
738844,1,,,,,,,-0.7023,1
738995,1,,,,,,0.0466,,1
739146,1,,,,25.4993,,,,1
739274,1,0.6777,,,,,,,1
739402,1,,,2.8083,,,,,1
739530,1,0.6779,,,,,,,1
739681,1,,,,,-0.0374,,,1
739832,1,,,,,,,-0.7026,1
739983,1,,,,,,0.0466,,1
740134,1,,,,25.4993,,,,1
740262,1,,,2.8094,,,,,1
740390,1,0.6779,,,,,,,1
740518,1,,,2.8098,,,,,1
740668,1,,,,,-0.0376,,,1
740819,1,,,,,,,-0.7023,1
740970,1,,,,,,0.0464,,1
741121,1,,,,25.4963,,,,1
741249,1,0.6779,,,,,,,1
741377,1,,,2.8108,,,,,1
741505,1,0.6777,,,,,,,1
741655,1,,,,,-0.0374,,,1
741806,1,,,,,,,-0.7023,1
741957,1,,,,,,0.0466,,1
742108,1,,,,25.4993,,,,1
742236,1,,,2.8120,,,,,1
742364,1,0.6779,,,,,,,1
742492,1,,,2.8123,,,,,1
742642,1,,,,,-0.0374,,,1
742793,1,,,,,,,-0.7023,1
742944,1,,,,,,0.0466,,1
743095,1,,,,25.4993,,,,1
743223,1,0.6777,,,,,,,1
743351,1,,,2.8132,,,,,1
743479,1,0.6777,,,,,,,1
743629,1,,,,,-0.0374,,,1
743780,1,,,,,,,-0.7023,1
743931,1,,,,,,0.0466,,1
744082,1,,,,25.4993,,,,1
744210,1,,,2.8140,,,,,1
744338,1,0.6777,,,,,,,1
744466,1,,,2.8141,,,,,1
744616,1,,,,,-0.0374,,,1
744767,1,,,,,,,-0.7026,1
744918,1,,,,,,0.0466,,1
745069,1,,,,25.4993,,,,1
745197,1,0.6779,,,,,,,1
745325,1,,,2.8153,,,,,1
745453,1,0.6777,,,,,,,1
745603,1,,,,,-0.0374,,,1
745754,1,,,,,,,-0.7023,1
745905,1,,,,,,0.0466,,1
746056,1,,,,25.4993,,,,1
746184,1,,,2.8161,,,,,1
746312,1,0.6777,,,,,,,1
746440,1,,,2.8164,,,,,1
746591,1,,,,,-0.0374,,,1
746743,1,,,,,,,-0.7023,1
746893,1,,,,,,0.0466,,1
747044,1,,,,25.4993,,,,1
747172,1,0.6779,,,,,,,1
747300,1,,,2.8171,,,,,1
747428,1,0.6777,,,,,,,1
747556,1,,,2.8175,,,,,1
747706,1,,,,,-0.0374,,,1
747857,1,,,,,,,-0.7026,1
748008,1,,,,,,0.0466,,1
748159,1,,,,25.4993,,,,1
748287,1,0.6777,,,,,,,1
748415,1,,,2.8179,,,,,1
748543,1,0.6777,,,,,,,1
748693,1,,,,,-0.0374,,,1
748844,1,,,,,,,-0.7023,1
748995,1,,,,,,0.0466,,1
749146,1,,,,25.4993,,,,1
749274,1,,,2.8186,,,,,1
749402,1,0.6779,,,,,,,1
749530,1,,,2.8190,,,,,1
749680,1,,,,,-0.0374,,,1
749831,1,,,,,,,-0.7026,1
749982,1,,,,,,0.0466,,1
750133,1,,,,25.4993,,,,1
750261,1,0.6777,,,,,,,1
750389,1,,,2.8194,,,,,1
750517,1,0.6779,,,,,,,1
750667,1,,,,,-0.0374,,,1
750818,1,,,,,,,-0.7023,1
750969,1,,,,,,0.0466,,1
751120,1,,,,25.4993,,,,1
751248,1,,,2.8199,,,,,1
751376,1,0.6779,,,,,,,1
751504,1,,,2.8200,,,,,1
751654,1,,,,,-0.0374,,,1
751805,1,,,,,,,-0.7026,1
751956,1,,,,,,0.0466,,1
752107,1,,,,25.4993,,,,1
752235,1,0.6779,,,,,,,1
752363,1,,,2.8204,,,,,1
752491,1,0.6777,,,,,,,1
752641,1,,,,,-0.0374,,,1
752792,1,,,,,,,-0.7023,1
752943,1,,,,,,0.0466,,1
753094,1,,,,25.4993,,,,1
753222,1,,,2.8209,,,,,1
753350,1,0.6779,,,,,,,1
753478,1,,,2.8209,,,,,1
753628,1,,,,,-0.0374,,,1
753779,1,,,,,,,-0.7023,1
753930,1,,,,,,0.0466,,1
754081,1,,,,25.4993,,,,1
754209,1,0.6777,,,,,,,1
754337,1,,,2.8211,,,,,1
754465,1,0.6779,,,,,,,1
754615,1,,,,,-0.0374,,,1
754766,1,,,,,,,-0.7023,1
754917,1,,,,,,0.0466,,1
755068,1,,,,25.5023,,,,1
755196,1,,,2.8215,,,,,1
755325,1,0.6779,,,,,,,1
755453,1,,,2.8217,,,,,1
755603,1,,,,,-0.0374,,,1
755754,1,,,,,,,-0.7023,1
755905,1,,,,,,0.0466,,1
756056,1,,,,25.5023,,,,1
756184,1,0.6779,,,,,,,1
756312,1,,,2.8220,,,,,1
756440,1,0.6779,,,,,,,1
756591,1,,,,,-0.0374,,,1
756742,1,,,,,,,-0.7023,1
756893,1,,,,,,0.0466,,1
757044,1,,,,25.5023,,,,1
757172,1,,,2.8222,,,,,1
757300,1,0.6779,,,,,,,1
757428,1,,,2.8222,,,,,1
757556,1,0.6779,,,,,,,1
757706,1,,,,,-0.0374,,,1
757857,1,,,,,,,-0.7021,1
758008,1,,,,,,0.0466,,1
758159,1,,,,25.5023,,,,1
758287,1,,,2.8225,,,,,1
758415,1,0.6779,,,,,,,1
758543,1,,,2.8224,,,,,1
758693,1,,,,,-0.0374,,,1
758844,1,,,,,,,-0.7023,1
758995,1,,,,,,0.0466,,1
759146,1,,,,25.5023,,,,1
759274,1,0.6779,,,,,,,1
759402,1,,,2.8227,,,,,1
759530,1,0.6779,,,,,,,1
759680,1,,,,,-0.0374,,,1
759831,1,,,,,,,-0.7021,1
759982,1,,,,,,0.0466,,1
760133,1,,,,25.5023,,,,1
760261,1,,,2.8226,,,,,1
760389,1,0.6779,,,,,,,1
760517,1,,,2.8227,,,,,1
760667,1,,,,,-0.0374,,,1
760818,1,,,,,,,-0.7023,1
760969,1,,,,,,0.0466,,1
761120,1,,,,25.5023,,,,1
761248,1,0.6777,,,,,,,1
761376,1,,,2.8227,,,,,1
761504,1,0.6777,,,,,,,1
761654,1,,,,,-0.0376,,,1
761805,1,,,,,,,-0.7023,1
761956,1,,,,,,0.0464,,1
762107,1,,,,25.5023,,,,1
762235,1,,,2.8226,,,,,1
762363,1,0.6779,,,,,,,1
762491,1,,,2.8227,,,,,1
762641,1,,,,,-0.0374,,,1
762792,1,,,,,,,-0.7019,1
762943,1,,,,,,0.0466,,1
763094,1,,,,25.5023,,,,1
763222,1,0.6779,,,,,,,1
763351,1,,,2.8226,,,,,1
763479,1,0.6777,,,,,,,1
763629,1,,,,,-0.0374,,,1
763780,1,,,,,,,-0.7023,1
763931,1,,,,,,0.0464,,1
764082,1,,,,25.5023,,,,1
764210,1,,,2.8224,,,,,1
764338,1,0.6779,,,,,,,1
764466,1,,,2.8222,,,,,1
764616,1,,,,,-0.0374,,,1
764767,1,,,,,,,-0.7023,1
764918,1,,,,,,0.0466,,1
765069,1,,,,25.5023,,,,1
765197,1,0.6779,,,,,,,1
765325,1,,,2.8222,,,,,1
765453,1,0.6777,,,,,,,1
765603,1,,,,,-0.0374,,,1
765754,1,,,,,,,-0.7023,1
765905,1,,,,,,0.0464,,1
766056,1,,,,25.5053,,,,1
766184,1,,,2.8219,,,,,1
766312,1,0.6779,,,,,,,1
766440,1,,,2.8219,,,,,1
766591,1,,,,,-0.0374,,,1
766742,1,,,,,,,-0.7026,1
766893,1,,,,,,0.0466,,1
767044,1,,,,25.5053,,,,1
767172,1,0.6779,,,,,,,1
767300,1,,,2.8216,,,,,1
767428,1,0.6779,,,,,,,1
767556,1,,,2.8216,,,,,1
767706,1,,,,,-0.0374,,,1
767857,1,,,,,,,-0.7026,1
768008,1,,,,,,0.0466,,1
768159,1,,,,25.5053,,,,1
768287,1,0.6779,,,,,,,1
768415,1,,,2.8212,,,,,1
768543,1,0.6777,,,,,,,1
768693,1,,,,,-0.0374,,,1
768844,1,,,,,,,-0.7023,1
768995,1,,,,,,0.0466,,1
769146,1,,,,25.5053,,,,1
769274,1,,,2.8211,,,,,1
769402,1,0.6779,,,,,,,1
769530,1,,,2.8210,,,,,1
769680,1,,,,,-0.0376,,,1
769831,1,,,,,,,-0.7026,1
769982,1,,,,,,0.0466,,1
770134,1,,,,25.5053,,,,1
770262,1,0.6779,,,,,,,1
770390,1,,,2.8206,,,,,1
770518,1,0.6777,,,,,,,1
770668,1,,,,,-0.0374,,,1
770819,1,,,,,,,-0.7026,1
770970,1,,,,,,0.0466,,1
771121,1,,,,25.5053,,,,1
771249,1,,,2.8204,,,,,1
771377,1,0.6779,,,,,,,1
771505,1,,,2.8204,,,,,1
771655,1,,,,,-0.0374,,,1
771806,1,,,,,,,-0.7023,1
771957,1,,,,,,0.0466,,1
772108,1,,,,25.5053,,,,1
772236,1,0.6779,,,,,,,1
772364,1,,,2.8197,,,,,1
772492,1,0.6779,,,,,,,1
772642,1,,,,,-0.0374,,,1
772793,1,,,,,,,-0.7021,1
772944,1,,,,,,0.0466,,1
773095,1,,,,25.5053,,,,1
773223,1,,,2.8194,,,,,1
773351,1,0.6779,,,,,,,1
773479,1,,,2.8193,,,,,1
773629,1,,,,,-0.0374,,,1
773780,1,,,,,,,-0.7023,1
773931,1,,,,,,0.0466,,1
774082,1,,,,25.5053,,,,1
774210,1,0.6779,,,,,,,1
774338,1,,,2.8187,,,,,1
774466,1,0.6779,,,,,,,1
774616,1,,,,,-0.0374,,,1
774767,1,,,,,,,-0.7023,1
774918,1,,,,,,0.0466,,1
775069,1,,,,25.5053,,,,1
775197,1,,,2.8184,,,,,1
775325,1,0.6779,,,,,,,1
775453,1,,,2.8182,,,,,1
775603,1,,,,,-0.0374,,,1
775754,1,,,,,,,-0.7023,1
775905,1,,,,,,0.0464,,1
776056,1,,,,25.5053,,,,1
776184,1,0.6779,,,,,,,1
776312,1,,,2.8178,,,,,1
776440,1,0.6779,,,,,,,1
776590,1,,,,,-0.0374,,,1
776741,1,,,,,,,-0.7023,1
776892,1,,,,,,0.0464,,1
777043,1,,,,25.5053,,,,1
777171,1,,,2.8172,,,,,1
777299,1,0.6779,,,,,,,1
777427,1,,,2.8172,,,,,1
777555,1,0.6777,,,,,,,1
777705,1,,,,,-0.0376,,,1
777856,1,,,,,,,-0.7023,1
778007,1,,,,,,0.0462,,1
778158,1,,,,25.5083,,,,1
778287,1,,,2.8165,,,,,1
778415,1,0.6779,,,,,,,1
778543,1,,,2.8165,,,,,1
778693,1,,,,,-0.0374,,,1
778844,1,,,,,,,-0.7021,1
778995,1,,,,,,0.0464,,1
779146,1,,,,25.5083,,,,1
779274,1,0.6777,,,,,,,1
779402,1,,,2.8159,,,,,1
779530,1,0.6777,,,,,,,1
779680,1,,,,,-0.0374,,,1
779831,1,,,,,,,-0.7021,1
779982,1,,,,,,0.0466,,1
780133,1,,,,25.5083,,,,1
780261,1,,,2.8154,,,,,1
780389,1,0.6779,,,,,,,1
780517,1,,,2.8150,,,,,1
780667,1,,,,,-0.0374,,,1
780818,1,,,,,,,-0.7021,1
780969,1,,,,,,0.0466,,1
781120,1,,,,25.5083,,,,1
781248,1,0.6779,,,,,,,1
781376,1,,,2.8144,,,,,1
781504,1,0.6779,,,,,,,1
781654,1,,,,,-0.0374,,,1
781805,1,,,,,,,-0.7023,1
781956,1,,,,,,0.0466,,1
782107,1,,,,25.5083,,,,1
782235,1,,,2.8140,,,,,1
782363,1,0.6777,,,,,,,1
782491,1,,,2.8138,,,,,1
782641,1,,,,,-0.0374,,,1
782792,1,,,,,,,-0.7023,1
782943,1,,,,,,0.0466,,1
783094,1,,,,25.5083,,,,1
783222,1,0.6777,,,,,,,1
783350,1,,,2.8130,,,,,1
783478,1,0.6777,,,,,,,1
783628,1,,,,,-0.0374,,,1
783779,1,,,,,,,-0.7023,1
783930,1,,,,,,0.0466,,1
784081,1,,,,25.5083,,,,1
784209,1,,,2.8125,,,,,1
784337,1,0.6779,,,,,,,1
784465,1,,,2.8123,,,,,1
784615,1,,,,,-0.0374,,,1
784766,1,,,,,,,-0.7023,1
784917,1,,,,,,0.0466,,1
785068,1,,,,25.5083,,,,1
785196,1,0.6777,,,,,,,1
785324,1,,,2.8116,,,,,1
785452,1,0.6779,,,,,,,1
785602,1,,,,,-0.0374,,,1
785753,1,,,,,,,-0.7023,1
785904,1,,,,,,0.0466,,1
786055,1,,,,25.5083,,,,1
786183,1,,,2.8109,,,,,1
786311,1,0.6777,,,,,,,1
786439,1,,,2.8108,,,,,1
786589,1,,,,,-0.0374,,,1
786740,1,,,,,,,-0.7023,1
786891,1,,,,,,0.0466,,1
787042,1,,,,25.5083,,,,1
787170,1,0.6777,,,,,,,1
787298,1,,,2.8100,,,,,1
787426,1,0.6777,,,,,,,1
787554,1,,,2.8099,,,,,1
787704,1,,,,,-0.0374,,,1
787855,1,,,,,,,-0.7021,1
788006,1,,,,,,0.0466,,1
788157,1,,,,25.5083,,,,1
788285,1,0.6777,,,,,,,1
788414,1,,,2.8092,,,,,1
788541,1,0.6777,,,,,,,1
788692,1,,,,,-0.0374,,,1
788843,1,,,,,,,-0.7021,1
788994,1,,,,,,0.0464,,1
789145,1,,,,25.5083,,,,1
789273,1,,,2.8085,,,,,1
789401,1,0.6777,,,,,,,1
789529,1,,,2.8083,,,,,1
789679,1,,,,,-0.0374,,,1
789830,1,,,,,,,-0.7026,1
789981,1,,,,,,0.0462,,1
790132,1,,,,25.5083,,,,1
790260,1,0.6777,,,,,,,1
790388,1,,,2.8076,,,,,1
790516,1,0.6777,,,,,,,1
790666,1,,,,,-0.0376,,,1
790817,1,,,,,,,-0.7026,1
790968,1,,,,,,0.0462,,1
791119,1,,,,25.5083,,,,1
791247,1,,,2.8069,,,,,1
791375,1,0.6777,,,,,,,1
791503,1,,,2.8066,,,,,1
791653,1,,,,,-0.0376,,,1
791804,1,,,,,,,-0.7026,1
791955,1,,,,,,0.0464,,1
792106,1,,,,25.5083,,,,1
792234,1,0.6777,,,,,,,1
792362,1,,,2.8059,,,,,1
792490,1,0.6779,,,,,,,1
792640,1,,,,,-0.0376,,,1
792791,1,,,,,,,-0.7023,1
792942,1,,,,,,0.0464,,1
793093,1,,,,25.5083,,,,1
793221,1,,,2.8052,,,,,1
793349,1,0.6777,,,,,,,1
793477,1,,,2.8049,,,,,1
793627,1,,,,,-0.0376,,,1
793778,1,,,,,,,-0.7023,1
793929,1,,,,,,0.0464,,1
794080,1,,,,25.5113,,,,1
794208,1,0.6777,,,,,,,1
794336,1,,,2.8042,,,,,1
794464,1,0.6777,,,,,,,1
794614,1,,,,,-0.0376,,,1
794765,1,,,,,,,-0.7023,1
794916,1,,,,,,0.0464,,1
795067,1,,,,25.5113,,,,1
795195,1,,,2.8035,,,,,1
795323,1,0.6777,,,,,,,1
795451,1,,,2.8033,,,,,1
795601,1,,,,,-0.0374,,,1
795752,1,,,,,,,-0.7023,1
795903,1,,,,,,0.0464,,1
796054,1,,,,25.5113,,,,1
796182,1,0.6777,,,,,,,1
796310,1,,,2.8026,,,,,1
796438,1,0.6777,,,,,,,1
796588,1,,,,,-0.0374,,,1
796739,1,,,,,,,-0.7026,1
796890,1,,,,,,0.0466,,1
797041,1,,,,25.5113,,,,1
797169,1,,,2.8018,,,,,1
797297,1,0.6777,,,,,,,1
797425,1,,,2.8015,,,,,1
797553,1,0.6777,,,,,,,1
797703,1,,,,,-0.0374,,,1
797854,1,,,,,,,-0.7023,1
798005,1,,,,,,0.0466,,1
798156,1,,,,25.5113,,,,1
798284,1,,,2.8006,,,,,1
798412,1,0.6777,,,,,,,1
798540,1,,,2.8005,,,,,1
798690,1,,,,,-0.0374,,,1
798841,1,,,,,,,-0.7023,1
798992,1,,,,,,0.0466,,1
799143,1,,,,25.5113,,,,1
799271,1,0.6777,,,,,,,1
799399,1,,,2.7997,,,,,1
799527,1,0.6777,,,,,,,1
799677,1,,,,,-0.0374,,,1
799828,1,,,,,,,-0.7023,1
799979,1,,,,,,0.0466,,1
800130,1,,,,25.5113,,,,1
800258,1,,,2.7990,,,,,1
800386,1,0.6777,,,,,,,1
800514,1,,,2.7986,,,,,1
800664,1,,,,,-0.0374,,,1
800815,1,,,,,,,-0.7023,1
800966,1,,,,,,0.0466,,1
801117,1,,,,25.5113,,,,1
801245,1,0.6777,,,,,,,1
801373,1,,,2.7980,,,,,1
801501,1,0.6777,,,,,,,1
801651,1,,,,,-0.0374,,,1
801802,1,,,,,,,-0.7026,1
801953,1,,,,,,0.0466,,1
802104,1,,,,25.5113,,,,1
802232,1,,,2.7972,,,,,1
802360,1,0.6777,,,,,,,1
802488,1,,,2.7969,,,,,1
802638,1,,,,,-0.0374,,,1
802789,1,,,,,,,-0.7023,1
802940,1,,,,,,0.0466,,1
803091,1,,,,25.5113,,,,1
803219,1,0.6777,,,,,,,1
803347,1,,,2.7964,,,,,1
803475,1,0.6777,,,,,,,1
803625,1,,,,,-0.0374,,,1
803776,1,,,,,,,-0.7023,1
803927,1,,,,,,0.0466,,1
804078,1,,,,25.5113,,,,1
804206,1,,,2.7955,,,,,1
804334,1,0.6777,,,,,,,1
804462,1,,,2.7954,,,,,1
804612,1,,,,,-0.0374,,,1
804763,1,,,,,,,-0.7026,1
804914,1,,,,,,0.0466,,1
805065,1,,,,25.5143,,,,1
805193,1,0.6777,,,,,,,1
805321,1,,,2.7945,,,,,1
805449,1,0.6777,,,,,,,1
805599,1,,,,,-0.0374,,,1
805750,1,,,,,,,-0.7026,1
805901,1,,,,,,0.0466,,1
806052,1,,,,25.5113,,,,1
806180,1,,,2.7938,,,,,1
806308,1,0.6777,,,,,,,1
806436,1,,,2.7936,,,,,1
806586,1,,,,,-0.0376,,,1
806737,1,,,,,,,-0.7026,1
806888,1,,,,,,0.0464,,1
807039,1,,,,25.5143,,,,1
807167,1,0.6777,,,,,,,1
807295,1,,,2.7929,,,,,1
807424,1,0.6777,,,,,,,1
807552,1,,,2.7926,,,,,1
807702,1,,,,,-0.0376,,,1
807853,1,,,,,,,-0.7026,1
808004,1,,,,,,0.0466,,1
808155,1,,,,25.5143,,,,1
808283,1,0.6777,,,,,,,1
808411,1,,,2.7919,,,,,1
808539,1,0.6777,,,,,,,1
808689,1,,,,,-0.0374,,,1
808840,1,,,,,,,-0.7026,1
808991,1,,,,,,0.0466,,1
809142,1,,,,25.5143,,,,1
809270,1,,,2.7910,,,,,1
809398,1,0.6777,,,,,,,1
809526,1,,,2.7907,,,,,1
809676,1,,,,,-0.0374,,,1
809827,1,,,,,,,-0.7026,1
809978,1,,,,,,0.0466,,1
810129,1,,,,25.5143,,,,1
810257,1,0.6777,,,,,,,1
810385,1,,,2.7900,,,,,1
810513,1,0.6777,,,,,,,1
810663,1,,,,,-0.0374,,,1
810814,1,,,,,,,-0.7023,1
810965,1,,,,,,0.0466,,1
811116,1,,,,25.5143,,,,1
811244,1,,,2.7892,,,,,1
811372,1,0.6777,,,,,,,1
811500,1,,,2.7889,,,,,1
811650,1,,,,,-0.0374,,,1
811801,1,,,,,,,-0.7026,1
811952,1,,,,,,0.0466,,1
812103,1,,,,25.5143,,,,1
812231,1,0.6777,,,,,,,1
812359,1,,,2.7883,,,,,1
812487,1,0.6777,,,,,,,1
812637,1,,,,,-0.0374,,,1
812788,1,,,,,,,-0.7023,1
812939,1,,,,,,0.0466,,1
813090,1,,,,25.5143,,,,1
813218,1,,,2.7876,,,,,1
813346,1,0.6777,,,,,,,1
813474,1,,,2.7873,,,,,1
813624,1,,,,,-0.0374,,,1
813775,1,,,,,,,-0.7023,1
813926,1,,,,,,0.0466,,1
814077,1,,,,25.5143,,,,1
814205,1,0.6777,,,,,,,1
814333,1,,,2.7866,,,,,1
814461,1,0.6777,,,,,,,1
814611,1,,,,,-0.0374,,,1
814762,1,,,,,,,-0.7026,1
814913,1,,,,,,0.0466,,1
815064,1,,,,25.5143,,,,1
815192,1,,,2.7858,,,,,1
815320,1,0.6777,,,,,,,1
815448,1,,,2.7856,,,,,1
815598,1,,,,,-0.0374,,,1
815749,1,,,,,,,-0.7023,1
815900,1,,,,,,0.0466,,1
816051,1,,,,25.5143,,,,1
816179,1,0.6777,,,,,,,1
816308,1,,,2.7850,,,,,1
816435,1,0.6777,,,,,,,1
816586,1,,,,,-0.0374,,,1
816737,1,,,,,,,-0.7023,1
816888,1,,,,,,0.0466,,1
817039,1,,,,25.5143,,,,1
817167,1,,,2.7844,,,,,1
817295,1,0.6777,,,,,,,1
817423,1,,,2.7841,,,,,1
817551,1,0.6777,,,,,,,1
817701,1,,,,,-0.0374,,,1
817852,1,,,,,,,-0.7026,1
818003,1,,,,,,0.0466,,1
818154,1,,,,25.5173,,,,1
818282,1,,,2.7835,,,,,1
818410,1,0.6777,,,,,,,1
818538,1,,,2.7831,,,,,1
818688,1,,,,,-0.0374,,,1
818839,1,,,,,,,-0.7023,1
818990,1,,,,,,0.0466,,1
819141,1,,,,25.5173,,,,1
819269,1,0.6777,,,,,,,1
819397,1,,,2.7826,,,,,1
819525,1,0.6777,,,,,,,1
819675,1,,,,,-0.0374,,,1
819826,1,,,,,,,-0.7023,1
819977,1,,,,,,0.0466,,1
820128,1,,,,25.5173,,,,1
820256,1,,,2.7818,,,,,1
820384,1,0.6776,,,,,,,1
820512,1,,,2.7815,,,,,1
820663,1,,,,,-0.0374,,,1
820814,1,,,,,,,-0.7026,1
820965,1,,,,,,0.0466,,1
821116,1,,,,25.5173,,,,1
821244,1,0.6777,,,,,,,1
821372,1,,,2.7810,,,,,1
821500,1,0.6777,,,,,,,1
821650,1,,,,,-0.0374,,,1
821801,1,,,,,,,-0.7023,1
821952,1,,,,,,0.0466,,1
822103,1,,,,25.5173,,,,1
822231,1,,,2.7802,,,,,1
822360,1,0.6776,,,,,,,1
822488,1,,,2.7801,,,,,1
822638,1,,,,,-0.0374,,,1
822789,1,,,,,,,-0.7023,1
822940,1,,,,,,0.0466,,1
823091,1,,,,25.5173,,,,1
823219,1,0.6777,,,,,,,1
823347,1,,,2.7794,,,,,1
823475,1,0.6776,,,,,,,1
823625,1,,,,,-0.0374,,,1
823776,1,,,,,,,-0.7021,1
823927,1,,,,,,0.0466,,1
824078,1,,,,25.5173,,,,1
824206,1,,,2.7787,,,,,1
824334,1,0.6777,,,,,,,1
824462,1,,,2.7784,,,,,1
824612,1,,,,,-0.0374,,,1
824763,1,,,,,,,-0.7021,1
824914,1,,,,,,0.0466,,1
825065,1,,,,25.5173,,,,1
825193,1,0.6776,,,,,,,1
825321,1,,,2.7778,,,,,1
825449,1,0.6777,,,,,,,1
825599,1,,,,,-0.0374,,,1
825750,1,,,,,,,-0.7021,1
825901,1,,,,,,0.0466,,1
826052,1,,,,25.5173,,,,1
826180,1,,,2.7770,,,,,1
826308,1,0.6777,,,,,,,1
826436,1,,,2.7769,,,,,1
826586,1,,,,,-0.0374,,,1
826737,1,,,,,,,-0.7021,1
826888,1,,,,,,0.0466,,1
827039,1,,,,25.5173,,,,1
827167,1,0.6777,,,,,,,1
827295,1,,,2.7761,,,,,1
827423,1,0.6777,,,,,,,1
827551,1,,,2.7762,,,,,1
827701,1,,,,,-0.0374,,,1
827852,1,,,,,,,-0.7021,1
828003,1,,,,,,0.0466,,1
828154,1,,,,25.5173,,,,1
828282,1,0.6777,,,,,,,1
828410,1,,,2.7755,,,,,1
828538,1,0.6777,,,,,,,1
828688,1,,,,,-0.0374,,,1
828839,1,,,,,,,-0.7021,1
828990,1,,,,,,0.0466,,1
829141,1,,,,25.5173,,,,1
829269,1,,,2.7749,,,,,1
829397,1,0.6776,,,,,,,1
829525,1,,,2.7746,,,,,1
829675,1,,,,,-0.0374,,,1
829826,1,,,,,,,-0.7021,1
829977,1,,,,,,0.0466,,1
830128,1,,,,25.5173,,,,1
830256,1,0.6776,,,,,,,1
830384,1,,,2.7740,,,,,1
830513,1,0.6777,,,,,,,1
830663,1,,,,,-0.0371,,,1
830814,1,,,,,,,-0.7021,1
830965,1,,,,,,0.0466,,1
831116,1,,,,25.5203,,,,1
831244,1,,,2.7735,,,,,1
831372,1,0.6777,,,,,,,1
831500,1,,,2.7732,,,,,1
831650,1,,,,,-0.0374,,,1
831801,1,,,,,,,-0.7023,1
831952,1,,,,,,0.0468,,1
832103,1,,,,25.5203,,,,1
832231,1,0.6777,,,,,,,1
832359,1,,,2.7725,,,,,1
832487,1,0.6776,,,,,,,1
832637,1,,,,,-0.0374,,,1
832788,1,,,,,,,-0.7019,1
832939,1,,,,,,0.0466,,1
833090,1,,,,25.5203,,,,1
833218,1,,,2.7720,,,,,1
833346,1,0.6776,,,,,,,1
833474,1,,,2.7719,,,,,1
833624,1,,,,,-0.0374,,,1
833775,1,,,,,,,-0.7021,1
833926,1,,,,,,0.0466,,1
834077,1,,,,25.5203,,,,1
834205,1,0.6777,,,,,,,1
834333,1,,,2.7711,,,,,1
834461,1,0.6776,,,,,,,1
834611,1,,,,,-0.0374,,,1
834762,1,,,,,,,-0.7021,1
834913,1,,,,,,0.0466,,1
835064,1,,,,25.5203,,,,1
835192,1,,,2.7709,,,,,1
835320,1,0.6776,,,,,,,1
835448,1,,,2.7706,,,,,1
835598,1,,,,,-0.0374,,,1
835749,1,,,,,,,-0.7021,1
835900,1,,,,,,0.0466,,1
836052,1,,,,25.5203,,,,1
836179,1,0.6776,,,,,,,1
836307,1,,,2.7700,,,,,1
836435,1,0.6777,,,,,,,1
836586,1,,,,,-0.0374,,,1
836737,1,,,,,,,-0.7021,1
836888,1,,,,,,0.0466,,1
837039,1,,,,25.5203,,,,1
837167,1,,,2.7694,,,,,1
837295,1,0.6776,,,,,,,1
837423,1,,,2.7690,,,,,1
837551,1,0.6776,,,,,,,1
837702,1,,,,,-0.0376,,,1
837853,1,,,,,,,-0.7021,1
838004,1,,,,,,0.0464,,1
838155,1,,,,25.5203,,,,1
838283,1,,,2.7685,,,,,1
838411,1,0.6776,,,,,,,1
838539,1,,,2.7682,,,,,1
838689,1,,,,,-0.0374,,,1
838840,1,,,,,,,-0.7021,1
838991,1,,,,,,0.0466,,1
839142,1,,,,25.5203,,,,1
839270,1,0.6777,,,,,,,1
839398,1,,,2.7674,,,,,1
839526,1,0.6776,,,,,,,1
839676,1,,,,,-0.0374,,,1
839827,1,,,,,,,-0.7021,1
839978,1,,,,,,0.0466,,1
840129,1,,,,25.5203,,,,1
840257,1,,,2.7670,,,,,1
840385,1,0.6776,,,,,,,1
840513,1,,,2.7669,,,,,1
840663,1,,,,,-0.0374,,,1
840814,1,,,,,,,-0.7019,1
840965,1,,,,,,0.0466,,1
841116,1,,,,25.5203,,,,1
841244,1,0.6777,,,,,,,1
841372,1,,,2.7661,,,,,1
841500,1,0.6776,,,,,,,1
841650,1,,,,,-0.0374,,,1
841801,1,,,,,,,-0.7023,1
841952,1,,,,,,0.0466,,1
842103,1,,,,25.5203,,,,1
842231,1,,,2.7658,,,,,1
842359,1,0.6776,,,,,,,1
842487,1,,,2.7655,,,,,1
842637,1,,,,,-0.0374,,,1
842788,1,,,,,,,-0.7023,1
842939,1,,,,,,0.0466,,1
843090,1,,,,25.5203,,,,1
843218,1,0.6776,,,,,,,1
843346,1,,,2.7649,,,,,1
843474,1,0.6776,,,,,,,1
843624,1,,,,,-0.0374,,,1
843775,1,,,,,,,-0.7019,1
843926,1,,,,,,0.0466,,1
844077,1,,,,25.5233,,,,1
844205,1,,,2.7644,,,,,1
844333,1,0.6776,,,,,,,1
844461,1,,,2.7641,,,,,1
844611,1,,,,,-0.0374,,,1
844762,1,,,,,,,-0.7026,1
844913,1,,,,,,0.0466,,1
845064,1,,,,25.5233,,,,1
845192,1,0.6775,,,,,,,1
845320,1,,,2.7635,,,,,1
845448,1,0.6777,,,,,,,1
845598,1,,,,,-0.0374,,,1
845749,1,,,,,,,-0.7021,1
845900,1,,,,,,0.0464,,1
846051,1,,,,25.5233,,,,1
846179,1,,,2.7631,,,,,1
846307,1,0.6776,,,,,,,1
846435,1,,,2.7630,,,,,1
846585,1,,,,,-0.0376,,,1
846736,1,,,,,,,-0.7023,1
846887,1,,,,,,0.0466,,1
847038,1,,,,25.5233,,,,1
847166,1,0.6776,,,,,,,1
847294,1,,,2.7622,,,,,1
847422,1,0.6776,,,,,,,1
847550,1,,,2.7621,,,,,1
847700,1,,,,,-0.0374,,,1
847852,1,,,,,,,-0.7021,1
848002,1,,,,,,0.0466,,1
848153,1,,,,25.5233,,,,1
848281,1,0.6776,,,,,,,1
848409,1,,,2.7619,,,,,1
848537,1,0.6776,,,,,,,1
848687,1,,,,,-0.0376,,,1
848838,1,,,,,,,-0.7021,1
848989,1,,,,,,0.0466,,1
849140,1,,,,25.5233,,,,1
849268,1,,,2.7610,,,,,1
849396,1,0.6776,,,,,,,1
849524,1,,,2.7608,,,,,1
849674,1,,,,,-0.0376,,,1
849825,1,,,,,,,-0.7023,1
849976,1,,,,,,0.0466,,1
850127,1,,,,25.5233,,,,1
850255,1,0.6776,,,,,,,1
850383,1,,,2.7606,,,,,1
850511,1,0.6776,,,,,,,1
850661,1,,,,,-0.0374,,,1
850812,1,,,,,,,-0.7021,1
850963,1,,,,,,0.0466,,1
851114,1,,,,25.5233,,,,1
851242,1,,,2.7599,,,,,1
851370,1,0.6776,,,,,,,1
851498,1,,,2.7599,,,,,1
851648,1,,,,,-0.0376,,,1
851799,1,,,,,,,-0.7023,1
851950,1,,,,,,0.0464,,1
852101,1,,,,25.5233,,,,1
852229,1,0.6776,,,,,,,1
852357,1,,,2.7591,,,,,1
852485,1,0.6776,,,,,,,1
852635,1,,,,,-0.0374,,,1
852786,1,,,,,,,-0.7023,1
852937,1,,,,,,0.0466,,1
853088,1,,,,25.5233,,,,1
853216,1,,,2.7585,,,,,1
853344,1,0.6776,,,,,,,1
853472,1,,,2.7584,,,,,1
853622,1,,,,,-0.0374,,,1
853773,1,,,,,,,-0.7023,1
853924,1,,,,,,0.0464,,1
854075,1,,,,25.5233,,,,1
854203,1,0.6776,,,,,,,1
854331,1,,,2.7579,,,,,1
854459,1,0.6776,,,,,,,1
854609,1,,,,,-0.0374,,,1
854760,1,,,,,,,-0.7023,1
854911,1,,,,,,0.0466,,1
855062,1,,,,25.5263,,,,1
855190,1,,,2.7574,,,,,1
855318,1,0.6776,,,,,,,1
855446,1,,,2.7572,,,,,1
855596,1,,,,,-0.0374,,,1
855747,1,,,,,,,-0.7023,1
855898,1,,,,,,0.0466,,1
856049,1,,,,25.5263,,,,1
856177,1,0.6776,,,,,,,1
856305,1,,,2.7568,,,,,1
856434,1,0.6776,,,,,,,1
856584,1,,,,,-0.0374,,,1
856735,1,,,,,,,-0.7021,1
856887,1,,,,,,0.0466,,1
857038,1,,,,25.5263,,,,1
857166,1,,,2.7560,,,,,1
857294,1,0.6776,,,,,,,1
857422,1,,,2.7559,,,,,1
857550,1,0.6776,,,,,,,1
857700,1,,,,,-0.0374,,,1
857851,1,,,,,,,-0.7021,1
858002,1,,,,,,0.0466,,1
858153,1,,,,25.5263,,,,1
858281,1,,,2.7556,,,,,1
858409,1,0.6776,,,,,,,1
858537,1,,,2.7555,,,,,1
858687,1,,,,,-0.0374,,,1
858838,1,,,,,,,-0.7021,1
858989,1,,,,,,0.0466,,1
859140,1,,,,25.5263,,,,1
859268,1,0.6775,,,,,,,1
859396,1,,,2.7549,,,,,1
859524,1,0.6776,,,,,,,1
859674,1,,,,,-0.0376,,,1
859825,1,,,,,,,-0.7023,1
859976,1,,,,,,0.0466,,1
860127,1,,,,25.5263,,,,1
860255,1,,,2.7549,,,,,1
860383,1,0.6776,,,,,,,1
860511,1,,,2.7546,,,,,1
860661,1,,,,,-0.0376,,,1
860812,1,,,,,,,-0.7026,1
860963,1,,,,,,0.0464,,1
861114,1,,,,25.5263,,,,1
861242,1,0.6776,,,,,,,1
861370,1,,,2.7540,,,,,1
861498,1,0.6776,,,,,,,1
861648,1,,,,,-0.0376,,,1
861799,1,,,,,,,-0.7026,1
861950,1,,,,,,0.0464,,1
862101,1,,,,25.5263,,,,1
862229,1,,,2.7536,,,,,1
862357,1,0.6776,,,,,,,1
862485,1,,,2.7535,,,,,1
862635,1,,,,,-0.0376,,,1
862786,1,,,,,,,-0.7028,1
862937,1,,,,,,0.0464,,1
863088,1,,,,25.5263,,,,1
863216,1,0.6776,,,,,,,1
863344,1,,,2.7531,,,,,1
863472,1,0.6776,,,,,,,1
863622,1,,,,,-0.0376,,,1
863773,1,,,,,,,-0.7023,1
863924,1,,,,,,0.0464,,1
864075,1,,,,25.5263,,,,1
864203,1,,,2.7526,,,,,1
864331,1,0.6776,,,,,,,1
864460,1,,,2.7525,,,,,1
864610,1,,,,,-0.0376,,,1
864761,1,,,,,,,-0.7023,1
864912,1,,,,,,0.0464,,1
865063,1,,,,25.5292,,,,1
865191,1,0.6776,,,,,,,1
865319,1,,,2.7520,,,,,1
865447,1,0.6776,,,,,,,1
865597,1,,,,,-0.0376,,,1
865748,1,,,,,,,-0.7023,1
865899,1,,,,,,0.0464,,1
866050,1,,,,25.5263,,,,1
866178,1,,,2.7516,,,,,1
866306,1,0.6776,,,,,,,1
866434,1,,,2.7516,,,,,1
866584,1,,,,,-0.0376,,,1
866735,1,,,,,,,-0.7023,1
866887,1,,,,,,0.0464,,1
867037,1,,,,25.5292,,,,1
867165,1,0.6776,,,,,,,1
867293,1,,,2.7510,,,,,1
867421,1,0.6776,,,,,,,1
867549,1,,,2.7509,,,,,1
867699,1,,,,,-0.0374,,,1
867850,1,,,,,,,-0.7023,1
868001,1,,,,,,0.0466,,1
868152,1,,,,25.5292,,,,1
868280,1,0.6775,,,,,,,1
868408,1,,,2.7505,,,,,1
868536,1,0.6776,,,,,,,1
868686,1,,,,,-0.0376,,,1
868837,1,,,,,,,-0.7023,1
868988,1,,,,,,0.0464,,1
869139,1,,,,25.5292,,,,1
869267,1,,,2.7502,,,,,1
869395,1,0.6776,,,,,,,1
869523,1,,,2.7500,,,,,1
869673,1,,,,,-0.0374,,,1
869824,1,,,,,,,-0.7021,1
869975,1,,,,,,0.0466,,1
870126,1,,,,25.5292,,,,1
870254,1,0.6776,,,,,,,1
870382,1,,,2.7495,,,,,1
870510,1,0.6775,,,,,,,1
870660,1,,,,,-0.0374,,,1
870811,1,,,,,,,-0.7021,1
870962,1,,,,,,0.0464,,1
871113,1,,,,25.5292,,,,1
871241,1,,,2.7491,,,,,1
871369,1,0.6776,,,,,,,1
871497,1,,,2.7491,,,,,1
871647,1,,,,,-0.0378,,,1
871798,1,,,,,,,-0.7028,1
871949,1,,,,,,0.0464,,1
872100,1,,,,25.5292,,,,1
872228,1,0.6775,,,,,,,1
872356,1,,,2.7486,,,,,1
872484,1,0.6775,,,,,,,1
872634,1,,,,,-0.0378,,,1
872785,1,,,,,,,-0.7023,1
872936,1,,,,,,0.0462,,1
873087,1,,,,25.5292,,,,1
873215,1,,,2.7484,,,,,1
873343,1,0.6776,,,,,,,1
873471,1,,,2.7481,,,,,1
873621,1,,,,,-0.0381,,,1
873772,1,,,,,,,-0.7031,1
873923,1,,,,,,0.0459,,1
874074,1,,,,25.5292,,,,1
874202,1,0.6776,,,,,,,1
874330,1,,,2.7479,,,,,1
874458,1,0.6776,,,,,,,1
874608,1,,,,,-0.0378,,,1
874759,1,,,,,,,-0.7026,1
